# (coupling_selected.py); units cm^-2 per unit engineering shear h = 2s (H3: d/dh = d/d eps_xy);
# own-surface unstrained renormalised basis (IFC supercell 2x2x2 quartic set, KMESH_INTERPOLATE 2x2x2,
# KMESH_SCPH 2x2x2, 300 K), variant od0/od1 = SELF_OFFDIAG 0/1; *_eig = multiplet-block eigenvalue,
# *_diag = e^dagger K e; step h = 0.010 unless _h020 (0.020) or _richardson; C_noasr = without the
# on-site sum-rule projection of the renormalised sets; C_matched = eigenvalue-matched strained SCPH runs.
variant,iq,qa,qb,qc,nu,omega_r_cm1,multiplet_size,bare_partner_mu,omega_b_partner_cm1,overlap_single,overlap_multiplet,eta_weight_prod_Pas,Lambda_A,Lambda_bare_partner_table,Lambda_B_diag,Lambda_B_eig,TrK2_B,offdiag_B_5cm1,Lambda_B_h020,Lambda_B_richardson,Lambda_C_diag,Lambda_C_eig,TrK2_C,offdiag_C_5cm1,Lambda_C_h020,Lambda_C_richardson,Lambda_C_noasr,Lambda_C_matched_h010,Lambda_C_matched_h020,ratio_B_over_A,ratio_C_over_B,gamma_A,gamma_B,gamma_C
od0,1221,0.909091,0.090909,0,1,56.4239,2,3,64.5132,0.657509,0.657509,3.42942e-08,-2362.78,-2661.67,1415.7,-27467,7.56439e+08,0,-14753.1,-31704.9,70278.7,20637.3,5.365e+09,0,10030.3,24173,20637.3,20822.6,10087.2,11.6248,-0.751351,0.37108,4.31374,-3.24113
od0,1221,0.909091,0.090909,0,2,56.4688,2,2,20.789,0.594745,0.594745,3.97482e-05,-191126,-172677,-27467,1415.7,7.56439e+08,0,3159.92,834.29,20637.3,70278.7,5.365e+09,0,37397.4,81239.1,70278.7,69341.6,36824.1,-0.00740713,49.6424,29.9691,-0.221985,-11.0199
od0,1221,0.909091,0.090909,0,3,86.7494,1,5,82.4338,0.997897,0.997897,9.94913e-08,9183.04,10178.4,4904.18,4904.18,2.4051e+07,0,9085.1,3510.54,38279.1,38279.1,1.46529e+09,0,26356.3,42253.3,38279.1,38312.4,26421.2,0.534048,7.80539,-0.610132,-0.32584,-2.54331
od0,1221,0.909091,0.090909,0,4,172.554,1,1,-46.6344,0.654575,0.654575,1.1752e-11,-1017.23,-762.36,-4501.88,-4501.88,2.02669e+07,0.00181402,-4995.15,-4337.46,-102719,-102719,1.05513e+10,0.00272289,-52506,-119457,-102719,-95401.8,-48566.5,4.42562,22.817,0.0170819,0.0755983,1.72493
od0,1221,0.909091,0.090909,0,5,176.458,1,4,70.4593,0.547985,0.547985,4.46037e-07,-143446,-161068,-220493,-220493,4.86173e+10,0.00181402,-174537,-235812,-331452,-331452,1.09861e+11,0.00272289,-222375,-367811,-331452,-314851,-210848,1.53711,1.50323,2.30343,3.54063,5.32239
od0,1221,0.909091,0.090909,0,6,182.931,1,6,155.037,0.996247,0.996247,7.9616e-10,-7565.82,-7575.97,-7862.89,-7862.89,6.18251e+07,0,-6473.5,-8326.03,28292.4,28292.4,8.00463e+08,0,11504.3,33888.5,28292.4,22002.2,8177.69,1.03927,-3.59822,0.113046,0.117484,-0.422735
od0,1221,0.909091,0.090909,0,7,189.96,1,7,163.119,0.997647,0.997647,5.26794e-08,65177.5,63409.4,62811.2,62811.2,3.94524e+09,0,96815.1,51476.5,78187.4,78187.4,6.11327e+09,0,97800.6,71649.7,78187.4,77896.6,96791.7,0.963694,1.2448,-0.903118,-0.87033,-1.08339
od0,1221,0.909091,0.090909,0,8,204.56,1,8,177.846,0.915926,0.915926,1.24825e-06,-282428,-283488,-363553,-363553,1.32171e+11,0,-239381,-404944,-322963,-322963,1.04305e+11,0,-220088,-357254,-322963,-339350,-230056,1.28724,0.888351,3.37473,4.34408,3.85907
od0,1221,0.909091,0.090909,0,9,250.386,1,9,225.891,0.999484,0.999484,4.43942e-08,123315,123055,118002,118002,1.39244e+10,0,116152,118618,148950,148950,2.2186e+10,0,147916,149294,148950,148018,145547,0.956912,1.26227,-0.983486,-0.941109,-1.18793
od0,1221,0.909091,0.090909,0,10,259.512,1,10,236.735,1,1,1.29979e-10,6970.78,6970.84,6970.78,6970.78,4.85918e+07,0,6247.09,7212.01,-21954.5,-21954.5,4.82e+08,0,-6315.06,-27167.6,-21954.5,-21954.5,-6315.06,1,-3.1495,-0.0517533,-0.0517533,0.162997
od0,1221,0.909091,0.090909,0,11,268.031,1,11,245.989,0.999705,0.999705,1.74971e-08,-84176.6,-83932.9,-82574.7,-82574.7,6.81858e+09,0,-87928,-80790.3,-124688,-124688,1.55472e+10,0,-124658,-124699,-124688,-124631,-123873,0.980969,1.51001,0.585857,0.574708,0.867813
od0,1221,0.909091,0.090909,0,12,473.443,1,12,452.628,0.999311,0.999311,8.84938e-09,-210215,-209553,-210709,-210709,4.43984e+10,0,-159074,-227921,-335931,-335931,1.12849e+11,0,-243454,-366756,-335931,-335540,-243134,1.00235,1.59428,0.468918,0.470021,0.749348
od0,1221,0.909091,0.090909,0,13,542.59,1,13,530.568,0.999998,0.999998,1.26512e-12,5858.41,5912.75,5861.66,5861.66,3.4359e+07,0.000658918,2529.46,6972.39,3162.04,3162.04,9.99853e+06,0.000104656,650.352,3999.28,3162.04,3071.67,610.845,1.00055,0.539446,-0.00994964,-0.00995515,-0.00537026
od0,1221,0.909091,0.090909,0,14,546.151,1,14,534.15,0.999989,0.999989,1.81741e-09,226649,227140,226475,226475,5.12907e+10,0.000658918,333417,190827,214631,214631,4.60664e+10,0.000104656,336746,173926,214631,215163,337499,0.999231,0.947704,-0.379925,-0.379633,-0.359779
od0,1221,0.909091,0.090909,0,15,779.746,1,15,766.291,0.999508,0.999508,2.30199e-09,-810290,-810424,-804752,-804752,6.47626e+11,0,-606947,-870687,-852376,-852376,7.26546e+11,0,-623783,-928574,-852376,-852567,-623944,0.993166,1.05918,0.666352,0.661798,0.700962
od0,231,0.090909,0.909091,0,1,56.4239,2,3,64.5132,0.657509,0.657509,3.42942e-08,-2362.78,-2661.67,1415.7,-27467,7.56439e+08,0,-14753.1,-31704.9,70278.7,20637.3,5.365e+09,0,10030.3,24173,20637.3,20822.6,10087.2,11.6248,-0.751351,0.37108,4.31374,-3.24113
od0,231,0.090909,0.909091,0,2,56.4688,2,2,20.789,0.594745,0.594745,3.97482e-05,-191126,-172677,-27467,1415.7,7.56439e+08,0,3159.92,834.29,20637.3,70278.7,5.365e+09,0,37397.4,81239.1,70278.7,69341.6,36824.1,-0.00740713,49.6424,29.9691,-0.221985,-11.0199
od0,231,0.090909,0.909091,0,3,86.7494,1,5,82.4338,0.997897,0.997897,9.94913e-08,9183.04,10178.4,4904.18,4904.18,2.4051e+07,0,9085.1,3510.54,38279.1,38279.1,1.46529e+09,0,26356.3,42253.3,38279.1,38312.4,26421.2,0.534048,7.80539,-0.610132,-0.32584,-2.54331
od0,231,0.090909,0.909091,0,4,172.554,1,1,-46.6344,0.654575,0.654575,1.1752e-11,-1017.23,-762.36,-4501.88,-4501.88,2.02669e+07,0.00181402,-4995.15,-4337.46,-102719,-102719,1.05513e+10,0.00272289,-52506,-119457,-102719,-95401.8,-48566.5,4.42562,22.817,0.0170819,0.0755983,1.72493
od0,231,0.090909,0.909091,0,5,176.458,1,4,70.4593,0.547985,0.547985,4.46037e-07,-143446,-161068,-220493,-220493,4.86173e+10,0.00181402,-174537,-235812,-331452,-331452,1.09861e+11,0.00272289,-222375,-367811,-331452,-314851,-210848,1.53711,1.50323,2.30343,3.54063,5.32239
od0,231,0.090909,0.909091,0,6,182.931,1,6,155.037,0.996247,0.996247,7.9616e-10,-7565.82,-7575.97,-7862.89,-7862.89,6.18251e+07,0,-6473.5,-8326.03,28292.4,28292.4,8.00463e+08,0,11504.3,33888.5,28292.4,22002.2,8177.69,1.03927,-3.59822,0.113046,0.117484,-0.422735
od0,231,0.090909,0.909091,0,7,189.96,1,7,163.119,0.997647,0.997647,5.26794e-08,65177.5,63409.4,62811.2,62811.2,3.94524e+09,0,96815.1,51476.5,78187.4,78187.4,6.11327e+09,0,97800.6,71649.7,78187.4,77896.6,96791.7,0.963694,1.2448,-0.903118,-0.87033,-1.08339
od0,231,0.090909,0.909091,0,8,204.56,1,8,177.846,0.915926,0.915926,1.24825e-06,-282428,-283488,-363553,-363553,1.32171e+11,0,-239381,-404944,-322963,-322963,1.04305e+11,0,-220088,-357254,-322963,-339350,-230056,1.28724,0.888351,3.37473,4.34408,3.85907
od0,231,0.090909,0.909091,0,9,250.386,1,9,225.891,0.999484,0.999484,4.43942e-08,123315,123055,118002,118002,1.39244e+10,0,116152,118618,148950,148950,2.2186e+10,0,147916,149294,148950,148018,145547,0.956912,1.26227,-0.983486,-0.941109,-1.18793
od0,231,0.090909,0.909091,0,10,259.512,1,10,236.735,1,1,1.29979e-10,6970.78,6970.84,6970.78,6970.78,4.85918e+07,0,6247.09,7212.01,-21954.5,-21954.5,4.82e+08,0,-6315.06,-27167.6,-21954.5,-21954.5,-6315.06,1,-3.1495,-0.0517533,-0.0517533,0.162997
od0,231,0.090909,0.909091,0,11,268.031,1,11,245.989,0.999705,0.999705,1.74971e-08,-84176.6,-83932.9,-82574.7,-82574.7,6.81858e+09,0,-87928,-80790.3,-124688,-124688,1.55472e+10,0,-124658,-124699,-124688,-124631,-123873,0.980969,1.51001,0.585857,0.574708,0.867813
od0,231,0.090909,0.909091,0,12,473.443,1,12,452.628,0.999311,0.999311,8.84938e-09,-210215,-209553,-210709,-210709,4.43984e+10,0,-159074,-227921,-335931,-335931,1.12849e+11,0,-243454,-366756,-335931,-335540,-243134,1.00235,1.59428,0.468918,0.470021,0.749348
od0,231,0.090909,0.909091,0,13,542.59,1,13,530.568,0.999998,0.999998,1.26512e-12,5858.41,5912.75,5861.66,5861.66,3.4359e+07,0.000658918,2529.46,6972.39,3162.04,3162.04,9.99853e+06,0.000104657,650.352,3999.28,3162.04,3071.67,610.845,1.00055,0.539446,-0.00994964,-0.00995515,-0.00537026
od0,231,0.090909,0.909091,0,14,546.151,1,14,534.15,0.999989,0.999989,1.81741e-09,226649,227140,226475,226475,5.12907e+10,0.000658918,333417,190827,214631,214631,4.60664e+10,0.000104657,336746,173926,214631,215163,337499,0.999231,0.947704,-0.379925,-0.379633,-0.359779
od0,231,0.090909,0.909091,0,15,779.746,1,15,766.291,0.999508,0.999508,2.30199e-09,-810290,-810424,-804752,-804752,6.47626e+11,0,-606947,-870687,-852376,-852376,7.26546e+11,0,-623783,-928574,-852376,-852567,-623944,0.993166,1.05918,0.666352,0.661798,0.700962
od0,132,0.090909,0.090909,0,1,56.4239,2,3,64.5132,0.657509,0.657509,5.20211e-08,2962.1,3278.19,-1392.67,-1392.67,7.99562e+08,0,-3178.91,-797.258,-69913,-69913,5.28563e+09,0,-37155.3,-80832.3,-69913,-68981.4,-36586.9,-0.470164,50.2007,-0.465203,0.218722,10.98
od0,132,0.090909,0.090909,0,2,56.4688,2,2,20.789,0.594745,0.594745,3.92203e-05,190041,171527,28242.2,28242.2,7.99562e+08,0,15189.8,32593,-19944.9,-19944.9,5.28563e+09,0,-9649.31,-23376.7,-19944.9,-20172,-9738.31,0.148611,-0.706208,-29.7989,-4.42845,3.12741
od0,132,0.090909,0.090909,0,3,86.7494,1,5,82.4338,0.997897,0.997897,8.8902e-08,-8774.39,-9621.5,-4443.79,-4443.79,1.97472e+07,0,-10439.5,-2445.23,-37911.1,-37911.1,1.43725e+09,0,-27831.6,-41271,-37911.1,-37960.8,-27891.6,0.50645,8.53127,0.582981,0.29525,2.51886
od0,132,0.090909,0.090909,0,4,172.554,1,1,-46.6344,0.654575,0.654575,3.83735e-12,716.679,435.631,4851.01,4851.01,2.35323e+07,3.64923e-09,4843.11,4853.64,107691,107691,1.15973e+10,0.00506967,56286.1,124826,107691,100116,52202.9,6.76873,22.1997,-0.0120349,-0.0814611,-1.80841
od0,132,0.090909,0.090909,0,5,176.458,1,4,70.4593,0.547985,0.547985,4.56555e-07,145575,162956,221533,221533,4.90771e+10,3.64923e-09,174294,237280,332717,332717,1.10701e+11,0.00506967,221831,369679,332717,315933,210277,1.52178,1.50188,-2.33761,-3.55734,-5.3427
od0,132,0.090909,0.090909,0,6,182.931,1,6,155.037,0.996247,0.996247,7.23787e-10,7204.06,7223.43,7427.63,7427.63,5.51697e+07,0,6624.96,7695.19,-27217.3,-27217.3,7.40783e+08,0,-9785.4,-33028,-27217.3,-20663.9,-6309.06,1.03103,-3.66433,-0.10764,-0.110981,0.406671
od0,132,0.090909,0.090909,0,7,189.96,1,7,163.119,0.997647,0.997647,5.19474e-08,-64757.4,-62967.3,-62469.3,-62469.3,3.90241e+09,0,-97542.5,-50778.2,-78004.2,-78004.2,6.08466e+09,0,-98428.7,-71196,-78004.2,-77504.6,-97322.3,0.964667,1.24868,0.897297,0.865593,1.08085
od0,132,0.090909,0.090909,0,8,204.56,1,8,177.846,0.915926,0.915926,1.21264e-06,278032,279414,358393,358393,1.28445e+11,0,237342,398743,317553,317553,1.0084e+11,0,217666,350849,317553,334207,227764,1.28903,0.886048,-3.3222,-4.28243,-3.79443
od0,132,0.090909,0.090909,0,9,250.386,1,9,225.891,0.999484,0.999484,4.3836e-08,-122592,-122278,-117278,-117278,1.37542e+10,0,-116595,-117506,-147962,-147962,2.18927e+10,0,-146382,-148488,-147962,-147002,-144014,0.956653,1.26163,0.977721,0.935339,1.18005
od0,132,0.090909,0.090909,0,10,259.512,1,10,236.735,1,1,8.79665e-11,-5734.69,-5734.65,-5734.69,-5734.69,3.28867e+07,0,-6590.8,-5449.32,29275.7,29275.7,8.57068e+08,0,12945.6,34719.1,29275.7,29275.7,12945.6,1,-5.10502,0.0425762,0.0425762,-0.217352
od0,132,0.090909,0.090909,0,11,268.031,1,11,245.989,0.999705,0.999705,1.82014e-08,86034.9,85605.5,84497.8,84497.8,7.13987e+09,0,86055.7,83978.4,126584,126584,1.60235e+10,0,124461,127292,126584,126330,123546,0.982133,1.49808,-0.59879,-0.588092,-0.881007
od0,132,0.090909,0.090909,0,12,473.443,1,12,452.628,0.999311,0.999311,9.09801e-09,213112,212476,213612,213612,4.56302e+10,0,158300,232050,336864,336864,1.13477e+11,0,238938,369506,336864,336494,238646,1.00235,1.57699,-0.47538,-0.476497,-0.75143
od0,132,0.090909,0.090909,0,13,542.59,1,13,530.568,0.999998,0.999998,6.85947e-13,-4299.53,-4353.79,-4302.66,-4302.66,1.85129e+07,4.42265e-10,-3390.35,-4606.77,886.548,886.548,785968,0.00499178,-1703.06,1749.75,886.548,976.711,-1664.56,1.00073,-0.206046,0.0073021,0.00730743,-0.00150567
od0,132,0.090909,0.090909,0,14,546.151,1,14,534.15,0.999989,0.999989,1.88139e-09,-230543,-231104,-230377,-230377,5.30735e+10,4.42265e-10,-334935,-195524,-221960,-221960,4.92664e+10,0.00499178,-344338,-181168,-221960,-222562,-345161,0.999279,0.963466,0.386452,0.386174,0.372065
od0,132,0.090909,0.090909,0,15,779.746,1,15,766.291,0.999508,0.999508,2.30409e-09,810670,810792,805088,805088,6.48166e+11,0,608025,870775,850850,850850,7.23946e+11,0,621012,927463,850850,851025,621173,0.993114,1.05684,-0.666664,-0.662074,-0.699707
od0,1320,0.909091,0.909091,0,1,56.4239,2,3,64.5132,0.657509,0.657509,5.20211e-08,2962.1,3278.19,-1392.67,-1392.67,7.99562e+08,0,-3178.91,-797.258,-69913,-69913,5.28563e+09,0,-37155.3,-80832.3,-69913,-68981.4,-36586.9,-0.470164,50.2007,-0.465203,0.218722,10.98
od0,1320,0.909091,0.909091,0,2,56.4688,2,2,20.789,0.594745,0.594745,3.92203e-05,190041,171527,28242.2,28242.2,7.99562e+08,0,15189.8,32593,-19944.9,-19944.9,5.28563e+09,0,-9649.31,-23376.7,-19944.9,-20172,-9738.31,0.148611,-0.706208,-29.7989,-4.42845,3.12741
od0,1320,0.909091,0.909091,0,3,86.7494,1,5,82.4338,0.997897,0.997897,8.8902e-08,-8774.39,-9621.5,-4443.79,-4443.79,1.97472e+07,0,-10439.5,-2445.23,-37911.1,-37911.1,1.43725e+09,0,-27831.6,-41271,-37911.1,-37960.8,-27891.6,0.50645,8.53127,0.582981,0.29525,2.51886
od0,1320,0.909091,0.909091,0,4,172.554,1,1,-46.6344,0.654575,0.654575,3.83735e-12,716.679,435.631,4851.01,4851.01,2.35323e+07,3.09618e-09,4843.11,4853.64,107691,107691,1.15973e+10,0.00506967,56286.1,124826,107691,100116,52202.9,6.76873,22.1997,-0.0120349,-0.0814611,-1.80841
od0,1320,0.909091,0.909091,0,5,176.458,1,4,70.4593,0.547985,0.547985,4.56555e-07,145575,162956,221533,221533,4.90771e+10,3.09618e-09,174294,237280,332717,332717,1.10701e+11,0.00506967,221831,369679,332717,315933,210277,1.52178,1.50188,-2.33761,-3.55734,-5.3427
od0,1320,0.909091,0.909091,0,6,182.931,1,6,155.037,0.996247,0.996247,7.23787e-10,7204.06,7223.43,7427.63,7427.63,5.51697e+07,0,6624.96,7695.19,-27217.3,-27217.3,7.40783e+08,0,-9785.4,-33028,-27217.3,-20663.9,-6309.06,1.03103,-3.66433,-0.10764,-0.110981,0.406671
od0,1320,0.909091,0.909091,0,7,189.96,1,7,163.119,0.997647,0.997647,5.19474e-08,-64757.4,-62967.3,-62469.3,-62469.3,3.90241e+09,0,-97542.5,-50778.2,-78004.2,-78004.2,6.08466e+09,0,-98428.7,-71196,-78004.2,-77504.6,-97322.3,0.964667,1.24868,0.897297,0.865593,1.08085
od0,1320,0.909091,0.909091,0,8,204.56,1,8,177.846,0.915926,0.915926,1.21264e-06,278032,279414,358393,358393,1.28445e+11,0,237342,398743,317553,317553,1.0084e+11,0,217666,350849,317553,334207,227764,1.28903,0.886048,-3.3222,-4.28243,-3.79443
od0,1320,0.909091,0.909091,0,9,250.386,1,9,225.891,0.999484,0.999484,4.3836e-08,-122592,-122278,-117278,-117278,1.37542e+10,0,-116595,-117506,-147962,-147962,2.18927e+10,0,-146382,-148488,-147962,-147002,-144014,0.956653,1.26163,0.977721,0.935339,1.18005
od0,1320,0.909091,0.909091,0,10,259.512,1,10,236.735,1,1,8.79665e-11,-5734.69,-5734.65,-5734.69,-5734.69,3.28867e+07,0,-6590.8,-5449.32,29275.7,29275.7,8.57068e+08,0,12945.6,34719.1,29275.7,29275.7,12945.6,1,-5.10502,0.0425762,0.0425762,-0.217352
od0,1320,0.909091,0.909091,0,11,268.031,1,11,245.989,0.999705,0.999705,1.82014e-08,86034.9,85605.5,84497.8,84497.8,7.13987e+09,0,86055.7,83978.4,126584,126584,1.60235e+10,0,124461,127292,126584,126330,123546,0.982133,1.49808,-0.59879,-0.588092,-0.881007
od0,1320,0.909091,0.909091,0,12,473.443,1,12,452.628,0.999311,0.999311,9.09801e-09,213112,212476,213612,213612,4.56302e+10,0,158300,232050,336864,336864,1.13477e+11,0,238938,369506,336864,336494,238646,1.00235,1.57699,-0.47538,-0.476497,-0.75143
od0,1320,0.909091,0.909091,0,13,542.59,1,13,530.568,0.999998,0.999998,6.85947e-13,-4299.53,-4353.79,-4302.66,-4302.66,1.85129e+07,4.35206e-10,-3390.35,-4606.77,886.548,886.548,785968,0.00499178,-1703.06,1749.75,886.548,976.711,-1664.56,1.00073,-0.206046,0.0073021,0.00730743,-0.00150567
od0,1320,0.909091,0.909091,0,14,546.151,1,14,534.15,0.999989,0.999989,1.88139e-09,-230543,-231104,-230377,-230377,5.30735e+10,4.35206e-10,-334935,-195524,-221960,-221960,4.92664e+10,0.00499178,-344338,-181168,-221960,-222562,-345161,0.999279,0.963466,0.386452,0.386174,0.372065
od0,1320,0.909091,0.909091,0,15,779.746,1,15,766.291,0.999508,0.999508,2.30409e-09,810670,810792,805088,805088,6.48166e+11,0,608025,870775,850850,850850,7.23946e+11,0,621012,927463,850850,851025,621173,0.993114,1.05684,-0.666664,-0.662074,-0.699707
od0,1231,0.909091,0.090909,0.909091,1,66.6054,2,2,35.787,0.702122,0.729429,1.84084e-07,18270.8,15708,-7334.48,-25189,6.36396e+08,0,-15229.1,-28508.9,31745.6,18074.1,1.64456e+09,0,7268.12,21676.1,18074.1,18300.6,7345.46,-1.37865,-0.717539,-2.05925,2.83897,-2.03707
od0,1231,0.909091,0.090909,0.909091,2,66.6054,2,1,35.787,0.702122,0.729429,1.06623e-05,-127489,-119547,-19237.6,-1383.09,6.36396e+08,0,-110.518,-1807.28,22631.2,36302.8,1.64456e+09,0,20600.9,41536.7,36302.7,35795.8,20371.5,0.0108487,-26.2476,14.3689,0.155884,-4.09158
od0,1231,0.909091,0.090909,0.909091,3,103.713,1,5,97.7041,0.992729,0.992729,2.12876e-07,20915.4,21698,15420,15420,2.37776e+08,0,17605,14691.7,54399.4,54399.4,2.95929e+09,0,34854,60914.5,54399.4,53851.8,34726.6,0.737255,3.52785,-0.972242,-0.71679,-2.52872
od0,1231,0.909091,0.090909,0.909091,4,179.138,2,4,86.996,0.354787,0.651585,3.04749e-08,41654.1,44346.2,-6849.79,-167384,3.01948e+10,0,-145270,-174756,-110907,-263959,7.3261e+10,0,-185497,-290113,-263959,-252212,-176715,-4.01844,1.57696,-0.649011,2.60801,4.11274
od0,1231,0.909091,0.090909,0.909091,5,179.138,2,3,86.996,0.354787,0.651585,3.30233e-07,-138800,-145981,-113873,46661.8,3.01948e+10,0,50183.1,45488,-212941,-59889.3,7.3261e+10,0,-5536.37,-78006.9,-59889.3,-53083.7,2527.98,-0.33618,-1.28348,2.16264,-0.727036,0.933134
od0,1231,0.909091,0.090909,0.909091,6,189.04,1,6,162.918,0.992637,0.992637,1.29602e-08,32040.3,30854.1,35622.3,35622.3,1.26895e+09,0,53056.2,29811,51937,51937,2.69745e+09,0,58520.5,49742.5,51937,47805.3,50968.7,1.1118,1.45799,-0.448287,-0.498405,-0.72667
od0,1231,0.909091,0.090909,0.909091,7,205.381,2,7,176.912,0.48805,0.88261,9.46999e-07,-243681,-244205,-40964,-306762,9.6372e+10,0,-209825,-339074,5462.86,-276056,8.60681e+10,0,-196082,-302714,-276056,-286842,-202457,1.25887,0.899904,2.88848,3.63621,3.27224
od0,1231,0.909091,0.090909,0.909091,8,205.381,2,8,176.912,0.48805,0.88261,2.20059e-08,37296.3,37226.3,-218162,47635.4,9.6372e+10,0,40435.2,50035.4,-182216,99302.7,8.60681e+10,0,67317.4,109964,99302.7,97656.3,66241.1,1.27721,2.08464,-0.442093,-0.564647,-1.17709
od0,1231,0.909091,0.090909,0.909091,9,244.531,1,9,219.979,1,1,2.15195e-08,83722.5,83160.6,83722.5,83722.5,7.00945e+09,0,76018.5,86290.5,91505.5,91505.5,8.37325e+09,0,91384.8,91545.7,91505.5,90391.1,87832.3,1,1.09296,-0.700073,-0.700073,-0.765154
od0,1231,0.909091,0.090909,0.909091,10,272.884,2,11,251.58,0.550605,0.998146,2.59735e-09,33167.7,32968.2,2102.82,-58287.9,3.89179e+09,0,-72194.7,-53652.2,-13627.4,-104819,1.12682e+10,0,-109451,-103274,-104819,-104688,-108521,-1.75737,1.79829,-0.222705,0.391374,0.703805
od0,1231,0.909091,0.090909,0.909091,11,272.884,2,10,251.58,0.550605,0.998146,9.36683e-09,-62692.1,-62607.5,-38157.4,22233.2,3.89179e+09,0,31271.5,19220.5,-74421.3,16769.9,1.12682e+10,0,33887.5,11064,16769.9,16107.4,34239.2,-0.354642,0.754273,0.420946,-0.149285,-0.112602
od0,1231,0.909091,0.090909,0.909091,12,474.137,1,12,453.745,0.999426,0.999426,2.37683e-09,-109564,-109150,-110024,-110024,1.21053e+10,0,-87887.6,-117403,-187662,-187662,3.52171e+10,0,-139444,-203735,-187662,-187051,-138309,1.0042,1.70565,0.243687,0.24471,0.417388
od0,1231,0.909091,0.090909,0.909091,13,544.59,2,13,532.515,0.867865,0.999985,1.25833e-09,-192114,-192228,161392,-192211,1.14932e+11,0,-172873,-198658,144755,-222953,1.21171e+11,0,-193731,-232694,-222953,-223623,-194909,1.00051,1.15994,0.323884,0.324048,0.375875
od0,1231,0.909091,0.090909,0.909091,14,544.59,2,14,532.515,0.867865,0.999985,2.66e-09,278961,279486,-74342.7,279261,1.14932e+11,0,360829,252072,-100383,267326,1.21171e+11,0,364193,235036,267326,267916,364910,1.00108,0.95726,-0.470299,-0.470804,-0.450682
od0,1231,0.909091,0.090909,0.909091,15,778.694,1,15,766.035,0.999531,0.999531,8.14041e-10,-480945,-480985,-478572,-478572,2.29031e+11,0,-375881,-512802,-523555,-523555,2.7411e+11,0,-396268,-565984,-523555,-523600,-396235,0.995065,1.094,0.396581,0.394624,0.431717
od0,1222,0.909091,0.090909,0.090909,1,66.6054,2,1,35.787,0.725421,0.729429,1.06623e-05,-127489,-119547,-7334.57,-25189,6.36396e+08,0,-15229.1,-28508.9,31745.6,18074.1,1.64456e+09,0,7268.12,21676.1,18074.1,18300.6,7345.46,0.197577,-0.71754,14.3689,2.83897,-2.03707
od0,1222,0.909091,0.090909,0.090909,2,66.6054,2,2,35.787,0.725421,0.729429,1.84084e-07,18270.8,15708,-19237.5,-1383.09,6.36396e+08,0,-110.518,-1807.28,22631.2,36302.8,1.64456e+09,0,20600.9,41536.7,36302.8,35795.8,20371.5,-0.0756994,-26.2476,-2.05925,0.155884,-4.09157
od0,1222,0.909091,0.090909,0.090909,3,103.713,1,5,97.7041,0.992729,0.992729,2.12876e-07,20915.4,21698,15420,15420,2.37776e+08,0,17605,14691.7,54399.4,54399.4,2.95929e+09,0,34854,60914.5,54399.4,53851.8,34726.6,0.737255,3.52785,-0.972242,-0.71679,-2.52872
od0,1222,0.909091,0.090909,0.090909,4,179.138,2,3,86.996,0.589428,0.651585,3.30233e-07,-138800,-145981,-6849.92,-167384,3.01948e+10,0,-145270,-174756,-110907,-263959,7.3261e+10,0,-185497,-290113,-263959,-252212,-176715,1.20594,1.57696,2.16264,2.60801,4.11274
od0,1222,0.909091,0.090909,0.090909,5,179.138,2,4,86.996,0.589428,0.651585,3.04749e-08,41654.1,44346.2,-113873,46661.8,3.01948e+10,0,50183.1,45488,-212941,-59889.4,7.3261e+10,0,-5536.39,-78007,-59889.3,-53083.8,2527.97,1.12022,-1.28348,-0.649011,-0.727036,0.933135
od0,1222,0.909091,0.090909,0.090909,6,189.04,1,6,162.918,0.992637,0.992637,1.29602e-08,32040.3,30854.1,35622.3,35622.3,1.26895e+09,0,53056.2,29811,51937,51937,2.69745e+09,0,58520.5,49742.5,51937,47805.3,50968.6,1.1118,1.45799,-0.448287,-0.498405,-0.72667
od0,1222,0.909091,0.090909,0.090909,7,205.381,2,7,176.912,0.763381,0.88261,9.46999e-07,-243681,-244205,-40963.9,-306762,9.6372e+10,0,-209825,-339074,5462.97,-276056,8.6068e+10,0,-196082,-302714,-276056,-286842,-202457,1.25887,0.899904,2.88848,3.63621,3.27224
od0,1222,0.909091,0.090909,0.090909,8,205.381,2,8,176.912,0.763381,0.88261,2.20059e-08,37296.3,37226.3,-218163,47635.4,9.6372e+10,0,40435.2,50035.4,-182216,99302.7,8.6068e+10,0,67317.4,109964,99302.7,97656.3,66241.1,1.27721,2.08464,-0.442093,-0.564647,-1.17709
od0,1222,0.909091,0.090909,0.090909,9,244.531,1,9,219.979,1,1,2.15195e-08,83722.5,83160.6,83722.5,83722.5,7.00945e+09,0,76018.5,86290.5,91505.5,91505.5,8.37325e+09,0,91384.8,91545.7,91505.5,90391.1,87832.3,1,1.09296,-0.700073,-0.700073,-0.765154
od0,1222,0.909091,0.090909,0.090909,10,272.884,2,10,251.58,0.885234,0.998146,9.36683e-09,-62692.1,-62607.5,2102.83,-58287.9,3.89179e+09,0,-72194.7,-53652.2,-13627.4,-104819,1.12682e+10,0,-109451,-103274,-104819,-104688,-108521,0.929748,1.79829,0.420946,0.391374,0.703805
od0,1222,0.909091,0.090909,0.090909,11,272.884,2,11,251.58,0.885234,0.998146,2.59735e-09,33167.7,32968.2,-38157.5,22233.2,3.89179e+09,0,31271.5,19220.5,-74421.3,16769.9,1.12682e+10,0,33887.5,11064.1,16769.9,16107.4,34239.2,0.670328,0.754273,-0.222705,-0.149285,-0.112602
od0,1222,0.909091,0.090909,0.090909,12,474.137,1,12,453.745,0.999426,0.999426,2.37683e-09,-109564,-109150,-110024,-110024,1.21053e+10,0,-87887.6,-117403,-187662,-187662,3.52171e+10,0,-139444,-203735,-187662,-187051,-138309,1.0042,1.70565,0.243687,0.24471,0.417388
od0,1222,0.909091,0.090909,0.090909,13,544.59,2,13,532.515,0.999621,0.999985,1.25833e-09,-192114,-192228,161393,-192211,1.14932e+11,0,-172873,-198658,144756,-222953,1.21171e+11,0,-193731,-232693,-222953,-223623,-194909,1.00051,1.15994,0.323884,0.324048,0.375874
od0,1222,0.909091,0.090909,0.090909,14,544.59,2,14,532.515,0.999621,0.999985,2.66e-09,278961,279486,-74343.1,279261,1.14932e+11,0,360829,252072,-100383,267326,1.21171e+11,0,364193,235036,267326,267916,364910,1.00108,0.95726,-0.470299,-0.470804,-0.450682
od0,1222,0.909091,0.090909,0.090909,15,778.694,1,15,766.035,0.999531,0.999531,8.14041e-10,-480945,-480985,-478572,-478572,2.29031e+11,0,-375881,-512802,-523555,-523555,2.7411e+11,0,-396268,-565984,-523555,-523600,-396235,0.995065,1.094,0.396581,0.394624,0.431717
od0,241,0.090909,0.909091,0.909091,1,66.6054,2,1,35.787,0.639376,0.729429,1.06623e-05,-127489,-119547,-7334.59,-25189,6.36396e+08,0,-15229.1,-28508.9,31745.6,18074.1,1.64456e+09,0,7268.12,21676.1,18074.1,18300.6,7345.46,0.197577,-0.71754,14.3689,2.83897,-2.03707
od0,241,0.090909,0.909091,0.909091,2,66.6054,2,2,35.787,0.639376,0.729429,1.84084e-07,18270.8,15708,-19237.4,-1383.09,6.36396e+08,0,-110.518,-1807.28,22631.3,36302.8,1.64456e+09,0,20600.9,41536.7,36302.8,35795.8,20371.5,-0.0756994,-26.2476,-2.05925,0.155884,-4.09157
od0,241,0.090909,0.909091,0.909091,3,103.713,1,5,97.7041,0.992729,0.992729,2.12876e-07,20915.4,21698,15420,15420,2.37776e+08,0,17605,14691.7,54399.4,54399.4,2.95929e+09,0,34854,60914.5,54399.4,53851.8,34726.6,0.737255,3.52785,-0.972242,-0.71679,-2.52872
od0,241,0.090909,0.909091,0.909091,4,179.138,2,3,86.996,0.448499,0.651585,3.30233e-07,-138800,-145981,-6849.89,-167384,3.01948e+10,0,-145270,-174756,-110907,-263959,7.3261e+10,0,-185497,-290113,-263959,-252212,-176715,1.20594,1.57696,2.16264,2.60801,4.11274
od0,241,0.090909,0.909091,0.909091,5,179.138,2,4,86.996,0.448499,0.651585,3.04749e-08,41654.1,44346.2,-113873,46661.8,3.01948e+10,0,50183.1,45488,-212941,-59889.4,7.3261e+10,0,-5536.39,-78007,-59889.3,-53083.8,2527.97,1.12022,-1.28348,-0.649011,-0.727036,0.933135
od0,241,0.090909,0.909091,0.909091,6,189.04,1,6,162.918,0.992637,0.992637,1.29602e-08,32040.3,30854.1,35622.3,35622.3,1.26895e+09,0,53056.2,29811,51937,51937,2.69745e+09,0,58520.5,49742.5,51937,47805.3,50968.6,1.1118,1.45799,-0.448287,-0.498405,-0.72667
od0,241,0.090909,0.909091,0.909091,7,205.381,2,7,176.912,0.859503,0.88261,9.46999e-07,-243681,-244205,-40963.7,-306762,9.6372e+10,0,-209825,-339074,5463.23,-276056,8.6068e+10,0,-196082,-302714,-276056,-286842,-202457,1.25887,0.899904,2.88848,3.63621,3.27224
od0,241,0.090909,0.909091,0.909091,8,205.381,2,8,176.912,0.859503,0.88261,2.20059e-08,37296.3,37226.3,-218163,47635.4,9.6372e+10,0,40435.2,50035.4,-182217,99302.7,8.6068e+10,0,67317.4,109964,99302.7,97656.3,66241.1,1.27721,2.08464,-0.442093,-0.564647,-1.17709
od0,241,0.090909,0.909091,0.909091,9,244.531,1,9,219.979,1,1,2.15195e-08,83722.5,83160.6,83722.5,83722.5,7.00945e+09,0,76018.5,86290.5,91505.5,91505.5,8.37325e+09,0,91384.8,91545.7,91505.5,90391.1,87832.3,1,1.09296,-0.700073,-0.700073,-0.765154
od0,241,0.090909,0.909091,0.909091,10,272.884,2,11,251.58,0.952876,0.998146,2.59735e-09,33167.7,32968.2,2102.84,-58287.9,3.89179e+09,0,-72194.7,-53652.2,-13627.4,-104819,1.12682e+10,0,-109451,-103274,-104819,-104688,-108521,-1.75737,1.79829,-0.222705,0.391374,0.703805
od0,241,0.090909,0.909091,0.909091,11,272.884,2,10,251.58,0.952876,0.998146,9.36683e-09,-62692.1,-62607.5,-38157.5,22233.2,3.89179e+09,0,31271.5,19220.5,-74421.3,16769.9,1.12682e+10,0,33887.5,11064.1,16769.9,16107.4,34239.2,-0.354642,0.754273,0.420946,-0.149285,-0.112602
od0,241,0.090909,0.909091,0.909091,12,474.137,1,12,453.745,0.999426,0.999426,2.37683e-09,-109564,-109150,-110024,-110024,1.21053e+10,0,-87887.6,-117403,-187662,-187662,3.52171e+10,0,-139444,-203735,-187662,-187051,-138309,1.0042,1.70565,0.243687,0.24471,0.417388
od0,241,0.090909,0.909091,0.909091,13,544.59,2,13,532.515,0.962937,0.999985,1.25833e-09,-192114,-192228,161393,-192211,1.14932e+11,0,-172873,-198658,144756,-222953,1.21171e+11,0,-193731,-232693,-222953,-223623,-194909,1.00051,1.15994,0.323884,0.324048,0.375874
od0,241,0.090909,0.909091,0.909091,14,544.59,2,14,532.515,0.962937,0.999985,2.66e-09,278961,279486,-74343,279261,1.14932e+11,0,360829,252072,-100383,267326,1.21171e+11,0,364193,235036,267326,267916,364910,1.00108,0.95726,-0.470299,-0.470804,-0.450682
od0,241,0.090909,0.909091,0.909091,15,778.694,1,15,766.035,0.999531,0.999531,8.14041e-10,-480945,-480985,-478572,-478572,2.29031e+11,0,-375881,-512802,-523555,-523555,2.7411e+11,0,-396268,-565984,-523555,-523600,-396235,0.995065,1.094,0.396581,0.394624,0.431717
od0,232,0.090909,0.909091,0.090909,1,66.6054,2,2,35.787,0.552246,0.729429,1.84084e-07,18270.8,15708,-7334.56,-25189,6.36396e+08,0,-15229.1,-28508.9,31745.6,18074.1,1.64456e+09,0,7268.12,21676.1,18074.1,18300.6,7345.46,-1.37865,-0.717539,-2.05925,2.83897,-2.03707
od0,232,0.090909,0.909091,0.090909,2,66.6054,2,1,35.787,0.552246,0.729429,1.06623e-05,-127489,-119547,-19237.5,-1383.09,6.36396e+08,0,-110.518,-1807.28,22631.2,36302.8,1.64456e+09,0,20600.9,41536.7,36302.7,35795.8,20371.5,0.0108487,-26.2476,14.3689,0.155884,-4.09158
od0,232,0.090909,0.909091,0.090909,3,103.713,1,5,97.7041,0.992729,0.992729,2.12876e-07,20915.4,21698,15420,15420,2.37776e+08,0,17605,14691.7,54399.4,54399.4,2.95929e+09,0,34854,60914.5,54399.4,53851.8,34726.6,0.737255,3.52785,-0.972242,-0.71679,-2.52872
od0,232,0.090909,0.909091,0.090909,4,179.138,2,3,86.996,0.59531,0.651585,3.30233e-07,-138800,-145981,-6849.92,-167384,3.01948e+10,0,-145270,-174756,-110907,-263959,7.3261e+10,0,-185497,-290113,-263959,-252212,-176715,1.20594,1.57696,2.16264,2.60801,4.11274
od0,232,0.090909,0.909091,0.090909,5,179.138,2,4,86.996,0.59531,0.651585,3.04749e-08,41654.1,44346.2,-113873,46661.8,3.01948e+10,0,50183.1,45488,-212941,-59889.3,7.3261e+10,0,-5536.37,-78006.9,-59889.3,-53083.7,2527.98,1.12022,-1.28348,-0.649011,-0.727036,0.933134
od0,232,0.090909,0.909091,0.090909,6,189.04,1,6,162.918,0.992637,0.992637,1.29602e-08,32040.3,30854.1,35622.3,35622.3,1.26895e+09,0,53056.2,29811,51937,51937,2.69745e+09,0,58520.5,49742.5,51937,47805.3,50968.7,1.1118,1.45799,-0.448287,-0.498405,-0.72667
od0,232,0.090909,0.909091,0.090909,7,205.381,2,8,176.912,0.694458,0.88261,2.20059e-08,37296.3,37226.3,-40964.3,-306762,9.6372e+10,0,-209825,-339074,5462.54,-276056,8.60681e+10,0,-196082,-302714,-276056,-286842,-202457,-8.22499,0.899904,-0.442093,3.63621,3.27224
od0,232,0.090909,0.909091,0.090909,8,205.381,2,7,176.912,0.694458,0.88261,9.46999e-07,-243681,-244205,-218162,47635.4,9.6372e+10,0,40435.2,50035.4,-182216,99302.7,8.60681e+10,0,67317.4,109964,99302.7,97656.3,66241.1,-0.195483,2.08464,2.88848,-0.564647,-1.17709
od0,232,0.090909,0.909091,0.090909,9,244.531,1,9,219.979,1,1,2.15195e-08,83722.5,83160.6,83722.5,83722.5,7.00945e+09,0,76018.5,86290.5,91505.5,91505.5,8.37325e+09,0,91384.8,91545.7,91505.5,90391.1,87832.3,1,1.09296,-0.700073,-0.700073,-0.765154
od0,232,0.090909,0.909091,0.090909,10,272.884,2,10,251.58,0.708444,0.998146,9.36683e-09,-62692.1,-62607.5,2102.96,-58287.9,3.89179e+09,0,-72194.7,-53652.2,-13627.2,-104819,1.12682e+10,0,-109451,-103274,-104819,-104688,-108521,0.929748,1.79829,0.420946,0.391374,0.703805
od0,232,0.090909,0.909091,0.090909,11,272.884,2,11,251.58,0.708444,0.998146,2.59735e-09,33167.7,32968.2,-38157.6,22233.2,3.89179e+09,0,31271.5,19220.5,-74421.5,16769.9,1.12682e+10,0,33887.5,11064,16769.9,16107.4,34239.2,0.670328,0.754273,-0.222705,-0.149285,-0.112602
od0,232,0.090909,0.909091,0.090909,12,474.137,1,12,453.745,0.999426,0.999426,2.37683e-09,-109564,-109150,-110024,-110024,1.21053e+10,0,-87887.6,-117403,-187662,-187662,3.52171e+10,0,-139444,-203735,-187662,-187051,-138309,1.0042,1.70565,0.243687,0.24471,0.417388
od0,232,0.090909,0.909091,0.090909,13,544.59,2,14,532.515,0.510072,0.999985,2.66e-09,278961,279486,161393,-192211,1.14932e+11,0,-172873,-198658,144756,-222953,1.21171e+11,0,-193731,-232694,-222953,-223623,-194909,-0.689025,1.15994,-0.470299,0.324048,0.375875
od0,232,0.090909,0.909091,0.090909,14,544.59,2,13,532.515,0.510072,0.999985,1.25833e-09,-192114,-192228,-74342.8,279261,1.14932e+11,0,360829,252072,-100383,267326,1.21171e+11,0,364193,235036,267326,267916,364910,-1.45362,0.95726,0.323884,-0.470804,-0.450682
od0,232,0.090909,0.909091,0.090909,15,778.694,1,15,766.035,0.999531,0.999531,8.14041e-10,-480945,-480985,-478572,-478572,2.29031e+11,0,-375881,-512802,-523555,-523555,2.7411e+11,0,-396268,-565984,-523555,-523600,-396235,0.995065,1.094,0.396581,0.394624,0.431717
od0,1330,0.909091,0.909091,0.909091,1,66.6054,2,1,35.787,0.459003,0.729429,1.84687e-07,-18253.6,-15733.7,15210,2064.62,6.29602e+08,0,-350.745,2869.74,-25498.5,-35161.2,1.5711e+09,0,-20809.9,-39945,-35161.2,-34592.2,-20557.6,-0.113108,-17.0303,2.05731,-0.232697,3.96291
od0,1330,0.909091,0.909091,0.909091,2,66.6054,2,2,35.787,0.459003,0.729429,1.04402e-05,126456,118295,11861.4,25006.8,6.29602e+08,0,15190.7,28278.8,-27959.9,-18297.2,1.5711e+09,0,-7320.02,-21956.3,-18297.2,-18519.8,-7405.59,0.197751,-0.731689,-14.2524,-2.81844,2.06222
od0,1330,0.909091,0.909091,0.909091,3,103.713,1,5,97.7041,0.992729,0.992729,2.19066e-07,-21287.9,-22011.3,-15844.6,-15844.6,2.51051e+08,0,-18171.3,-15069,-54723,-54723,2.9946e+09,0,-35321.3,-61190.2,-54723,-54245.5,-35197.9,0.744301,3.45373,0.989556,0.736527,2.54377
od0,1330,0.909091,0.909091,0.909091,4,179.138,2,4,86.996,0.433902,0.651584,3.38457e-07,140606,147787,128922,-45594.6,3.05019e+10,0,-50531,-43949.1,228071,63456.3,7.45113e+10,0,7361.3,82154.6,63456.3,56217.3,-1261.94,-0.324272,-1.39175,-2.19078,0.710409,-0.988711
od0,1330,0.909091,0.909091,0.909091,5,179.138,2,3,86.996,0.433902,0.651584,2.6711e-08,-39000.5,-41517.4,-5925.56,168591,3.05019e+10,0,144913,176484,100874,265489,7.45113e+10,0,185065,292298,265489,253448,176155,-4.3228,1.57475,0.607666,-2.62682,-4.13659
od0,1330,0.909091,0.909091,0.909091,6,189.04,1,6,162.918,0.992637,0.992637,1.23453e-08,-31066.3,-30113.3,-34619,-34619,1.19848e+09,0,-53751.9,-28241.4,-50319.6,-50319.6,2.53206e+09,0,-58555.3,-47574.4,-50319.6,-45756,-50562.4,1.11436,1.45352,0.43466,0.484368,0.70404
od0,1330,0.909091,0.909091,0.909091,7,205.381,2,8,176.912,0.527131,0.88261,9.16582e-07,239488,240251,175856,-46139.2,9.35949e+10,0,-39394.3,-48387.5,137982,-96286.3,8.3015e+10,0,-65048.7,-106699,-96286.3,-94505.3,-63773.9,-0.192658,2.08686,-2.83878,0.546913,1.14133
od0,1330,0.909091,0.909091,0.909091,8,205.381,2,7,176.912,0.527131,0.88261,2.12237e-08,-36784.8,-36558.7,80438.6,302434,9.35949e+10,0,208233,333834,37289.7,271558,8.3015e+10,0,194161,297357,271558,282697,200755,-8.22169,0.897911,0.43603,-3.5849,-3.21892
od0,1330,0.909091,0.909091,0.909091,9,244.531,1,9,219.979,1,1,2.06266e-08,-81993.9,-81417.1,-81993.9,-81993.9,6.723e+09,0,-76453.9,-83840.6,-87556,-87556,7.66606e+09,0,-88198.4,-87341.9,-87556,-86379.1,-84538.2,1,1.06784,0.685619,0.685619,0.732129
od0,1330,0.909091,0.909091,0.909091,10,272.884,2,10,251.58,0.78101,0.998146,2.48794e-09,-32498,-32266.4,58724,-21670.1,4.06698e+09,0,-32067.2,-18204.3,104758,-12365.4,1.15133e+10,0,-29751.8,-6569.96,-12365.4,-11760.7,-30225.6,0.666813,0.570622,0.218208,0.145504,0.0830277
od0,1330,0.909091,0.909091,0.909091,11,272.884,2,11,251.58,0.78101,0.998146,9.86255e-09,64461.6,64242.8,-20415.8,59978.2,4.06698e+09,0,70263.6,56549.7,-10538.2,106585,1.15133e+10,0,109134,105735,106585,106331,108103,0.930449,1.77706,-0.432828,-0.402724,-0.715667
od0,1330,0.909091,0.909091,0.909091,12,474.137,1,12,453.745,0.999426,0.999426,2.47262e-09,111783,111328,112285,112285,1.26079e+10,0,87136.5,120668,189783,189783,3.60174e+10,0,136816,207438,189783,189114,135627,1.00449,1.69019,-0.248622,-0.249738,-0.422104
od0,1330,0.909091,0.909091,0.909091,13,544.59,2,13,532.515,0.966285,0.999985,2.71198e-09,-281612,-282203,-174072,-281921,1.17632e+11,0,-361993,-255231,-160543,-273508,1.26054e+11,0,-371528,-240835,-273508,-274165,-372313,1.0011,0.970158,0.474767,0.475289,0.461105
od0,1330,0.909091,0.909091,0.909091,14,544.59,2,14,532.515,0.966285,0.999985,1.30084e-09,195213,195448,87477.2,195326,1.17632e+11,0,172584,202907,113413,226378,1.26054e+11,0,191139,238125,226378,227165,192398,1.00058,1.15898,-0.329108,-0.329299,-0.38165
od0,1330,0.909091,0.909091,0.909091,15,778.694,1,15,766.035,0.999531,0.999531,7.96015e-10,475650,475630,473258,473258,2.23973e+11,0,373891,506380,518163,518163,2.68493e+11,0,392204,560149,518163,518147,392145,0.994971,1.09488,-0.392215,-0.390243,-0.42727
od0,1321,0.909091,0.909091,0.090909,1,66.6054,2,1,35.787,0.611287,0.729429,1.84687e-07,-18253.6,-15733.7,25006.8,2064.62,6.29602e+08,0,-350.745,2869.74,-18297.2,-35161.2,1.5711e+09,0,-20809.9,-39945,-35161.2,-34592.2,-20557.6,-0.113108,-17.0303,2.05731,-0.232697,3.96291
od0,1321,0.909091,0.909091,0.090909,2,66.6054,2,2,35.787,0.611287,0.729429,1.04402e-05,126456,118295,2064.62,25006.8,6.29602e+08,0,15190.7,28278.8,-35161.2,-18297.2,1.5711e+09,0,-7320.02,-21956.3,-18297.2,-18519.8,-7405.59,0.197751,-0.731689,-14.2524,-2.81844,2.06222
od0,1321,0.909091,0.909091,0.090909,3,103.713,1,5,97.7041,0.992729,0.992729,2.19066e-07,-21287.9,-22011.3,-15844.6,-15844.6,2.51051e+08,0,-18171.3,-15069,-54723,-54723,2.99461e+09,0,-35321.3,-61190.2,-54723,-54245.5,-35197.9,0.744301,3.45373,0.989556,0.736527,2.54377
od0,1321,0.909091,0.909091,0.090909,4,179.138,2,4,86.996,0.625927,0.651585,3.38457e-07,140606,147787,168591,-45594.6,3.05019e+10,0,-50531,-43949.1,265489,63456.3,7.45114e+10,0,7361.32,82154.7,63456.3,56217.3,-1261.93,-0.324272,-1.39175,-2.19078,0.710409,-0.988712
od0,1321,0.909091,0.909091,0.090909,5,179.138,2,3,86.996,0.625927,0.651585,2.6711e-08,-39000.5,-41517.4,-45594.6,168591,3.05019e+10,0,144913,176484,63456.3,265489,7.45114e+10,0,185065,292298,265489,253448,176155,-4.3228,1.57475,0.607666,-2.62682,-4.13659
od0,1321,0.909091,0.909091,0.090909,6,189.04,1,6,162.918,0.992637,0.992637,1.23453e-08,-31066.3,-30113.3,-34619,-34619,1.19848e+09,0,-53751.9,-28241.4,-50319.6,-50319.6,2.53206e+09,0,-58555.3,-47574.4,-50319.6,-45756,-50562.4,1.11436,1.45352,0.43466,0.484368,0.70404
od0,1321,0.909091,0.909091,0.090909,7,205.381,2,8,176.912,0.600235,0.88261,9.16582e-07,239488,240251,302434,-46139.2,9.35949e+10,0,-39394.3,-48387.5,271558,-96286.3,8.3015e+10,0,-65048.7,-106699,-96286.3,-94505.3,-63773.9,-0.192658,2.08686,-2.83878,0.546913,1.14133
od0,1321,0.909091,0.909091,0.090909,8,205.381,2,7,176.912,0.600235,0.88261,2.12237e-08,-36784.8,-36558.7,-46139.2,302434,9.35949e+10,0,208233,333834,-96286.3,271558,8.3015e+10,0,194161,297357,271558,282697,200755,-8.22169,0.897911,0.43603,-3.5849,-3.21892
od0,1321,0.909091,0.909091,0.090909,9,244.531,1,9,219.979,1,1,2.06266e-08,-81993.9,-81417.1,-81993.9,-81993.9,6.723e+09,0,-76453.9,-83840.6,-87556,-87556,7.66606e+09,0,-88198.4,-87341.9,-87556,-86379.1,-84538.2,1,1.06784,0.685619,0.685619,0.732129
od0,1321,0.909091,0.909091,0.090909,10,272.884,2,10,251.58,0.686586,0.998146,2.48794e-09,-32498,-32266.4,59978.2,-21670.1,4.06698e+09,0,-32067.2,-18204.3,106585,-12365.4,1.15133e+10,0,-29751.8,-6569.96,-12365.4,-11760.7,-30225.6,0.666813,0.570622,0.218208,0.145504,0.0830277
od0,1321,0.909091,0.909091,0.090909,11,272.884,2,11,251.58,0.686586,0.998146,9.86255e-09,64461.6,64242.8,-21670.1,59978.2,4.06698e+09,0,70263.6,56549.7,-12365.4,106585,1.15133e+10,0,109134,105735,106585,106331,108103,0.930449,1.77706,-0.432828,-0.402724,-0.715666
od0,1321,0.909091,0.909091,0.090909,12,474.137,1,12,453.745,0.999426,0.999426,2.47262e-09,111783,111328,112285,112285,1.26079e+10,0,87136.5,120668,189783,189783,3.60174e+10,0,136816,207438,189783,189114,135627,1.00449,1.69019,-0.248622,-0.249738,-0.422104
od0,1321,0.909091,0.909091,0.090909,13,544.59,2,13,532.515,0.782901,0.999985,2.71198e-09,-281612,-282203,195326,-281921,1.17632e+11,0,-361993,-255231,226378,-273508,1.26054e+11,0,-371528,-240835,-273508,-274165,-372313,1.0011,0.970158,0.474767,0.475289,0.461105
od0,1321,0.909091,0.909091,0.090909,14,544.59,2,14,532.515,0.782901,0.999985,1.30084e-09,195213,195448,-281921,195326,1.17632e+11,0,172584,202907,-273508,226378,1.26054e+11,0,191139,238125,226378,227165,192398,1.00058,1.15898,-0.329108,-0.329299,-0.38165
od0,1321,0.909091,0.909091,0.090909,15,778.694,1,15,766.035,0.999531,0.999531,7.96015e-10,475650,475630,473258,473258,2.23973e+11,0,373891,506380,518163,518163,2.68493e+11,0,392204,560149,518163,518147,392145,0.994971,1.09488,-0.392215,-0.390243,-0.42727
od0,142,0.090909,0.090909,0.909091,1,66.6054,2,1,35.787,0.539954,0.729429,1.84687e-07,-18253.6,-15733.7,25006.8,2064.62,6.29602e+08,0,-350.745,2869.74,-18297.2,-35161.2,1.5711e+09,0,-20809.9,-39945,-35161.2,-34592.2,-20557.6,-0.113108,-17.0303,2.05731,-0.232697,3.96291
od0,142,0.090909,0.090909,0.909091,2,66.6054,2,2,35.787,0.539954,0.729429,1.04402e-05,126456,118295,2064.62,25006.8,6.29602e+08,0,15190.7,28278.8,-35161.2,-18297.2,1.5711e+09,0,-7320.02,-21956.3,-18297.2,-18519.8,-7405.59,0.197751,-0.731689,-14.2524,-2.81844,2.06222
od0,142,0.090909,0.090909,0.909091,3,103.713,1,5,97.7041,0.992729,0.992729,2.19066e-07,-21287.9,-22011.3,-15844.6,-15844.6,2.51051e+08,0,-18171.3,-15069,-54723,-54723,2.99461e+09,0,-35321.3,-61190.2,-54723,-54245.5,-35197.9,0.744301,3.45373,0.989556,0.736527,2.54377
od0,142,0.090909,0.090909,0.909091,4,179.138,2,4,86.996,0.5571,0.651585,3.38457e-07,140606,147787,168591,-45594.6,3.05019e+10,0,-50531,-43949.1,265489,63456.3,7.45114e+10,0,7361.32,82154.7,63456.3,56217.3,-1261.93,-0.324272,-1.39175,-2.19078,0.710409,-0.988712
od0,142,0.090909,0.090909,0.909091,5,179.138,2,3,86.996,0.5571,0.651585,2.6711e-08,-39000.5,-41517.4,-45594.6,168591,3.05019e+10,0,144913,176484,63456.3,265489,7.45114e+10,0,185065,292298,265489,253448,176155,-4.3228,1.57475,0.607666,-2.62682,-4.13659
od0,142,0.090909,0.090909,0.909091,6,189.04,1,6,162.918,0.992637,0.992637,1.23453e-08,-31066.3,-30113.3,-34619,-34619,1.19848e+09,0,-53751.9,-28241.4,-50319.6,-50319.6,2.53206e+09,0,-58555.3,-47574.4,-50319.6,-45756,-50562.4,1.11436,1.45352,0.43466,0.484368,0.70404
od0,142,0.090909,0.090909,0.909091,7,205.381,2,7,176.912,0.632383,0.88261,2.12237e-08,-36784.8,-36558.7,302434,-46139.2,9.35949e+10,0,-39394.3,-48387.5,271558,-96286.3,8.3015e+10,0,-65048.7,-106699,-96286.3,-94505.3,-63773.9,1.2543,2.08686,0.43603,0.546913,1.14133
od0,142,0.090909,0.090909,0.909091,8,205.381,2,8,176.912,0.632383,0.88261,9.16582e-07,239488,240251,-46139.2,302434,9.35949e+10,0,208233,333834,-96286.3,271558,8.3015e+10,0,194161,297357,271558,282697,200755,1.26283,0.897911,-2.83878,-3.5849,-3.21892
od0,142,0.090909,0.090909,0.909091,9,244.531,1,9,219.979,1,1,2.06266e-08,-81993.9,-81417.1,-81993.9,-81993.9,6.723e+09,0,-76453.9,-83840.6,-87556,-87556,7.66606e+09,0,-88198.4,-87341.9,-87556,-86379.1,-84538.2,1,1.06784,0.685619,0.685619,0.732129
od0,142,0.090909,0.090909,0.909091,10,272.884,2,10,251.58,0.823107,0.998146,2.48794e-09,-32498,-32266.4,59978.2,-21670.1,4.06698e+09,0,-32067.2,-18204.3,106585,-12365.4,1.15133e+10,0,-29751.8,-6569.96,-12365.4,-11760.7,-30225.6,0.666813,0.570622,0.218208,0.145504,0.0830277
od0,142,0.090909,0.090909,0.909091,11,272.884,2,11,251.58,0.823107,0.998146,9.86255e-09,64461.6,64242.8,-21670.1,59978.2,4.06698e+09,0,70263.6,56549.7,-12365.4,106585,1.15133e+10,0,109134,105735,106585,106331,108103,0.930449,1.77706,-0.432828,-0.402724,-0.715666
od0,142,0.090909,0.090909,0.909091,12,474.137,1,12,453.745,0.999426,0.999426,2.47262e-09,111783,111328,112285,112285,1.26079e+10,0,87136.5,120668,189783,189783,3.60174e+10,0,136816,207438,189783,189114,135627,1.00449,1.69019,-0.248622,-0.249738,-0.422104
od0,142,0.090909,0.090909,0.909091,13,544.59,2,13,532.515,0.66302,0.999985,2.71198e-09,-281612,-282203,195326,-281921,1.17632e+11,0,-361993,-255231,226378,-273508,1.26054e+11,0,-371528,-240835,-273508,-274165,-372313,1.0011,0.970158,0.474767,0.475289,0.461105
od0,142,0.090909,0.090909,0.909091,14,544.59,2,14,532.515,0.66302,0.999985,1.30084e-09,195213,195448,-281921,195326,1.17632e+11,0,172584,202907,-273508,226378,1.26054e+11,0,191139,238125,226378,227165,192398,1.00058,1.15898,-0.329108,-0.329299,-0.38165
od0,142,0.090909,0.090909,0.909091,15,778.694,1,15,766.035,0.999531,0.999531,7.96015e-10,475650,475630,473258,473258,2.23973e+11,0,373891,506380,518163,518163,2.68493e+11,0,392204,560149,518163,518147,392145,0.994971,1.09488,-0.392215,-0.390243,-0.42727
od0,133,0.090909,0.090909,0.090909,1,66.6054,2,1,35.787,0.728006,0.729429,1.84687e-07,-18253.6,-15733.7,20332.3,2064.62,6.29602e+08,0,-350.745,2869.74,-21733.3,-35161.2,1.5711e+09,0,-20809.9,-39945,-35161.2,-34592.2,-20557.6,-0.113108,-17.0303,2.05731,-0.232697,3.96291
od0,133,0.090909,0.090909,0.090909,2,66.6054,2,2,35.787,0.728006,0.729429,1.04402e-05,126456,118295,6739.16,25006.8,6.29602e+08,0,15190.7,28278.8,-31725.1,-18297.2,1.5711e+09,0,-7320.02,-21956.3,-18297.2,-18519.8,-7405.59,0.197751,-0.731689,-14.2524,-2.81844,2.06222
od0,133,0.090909,0.090909,0.090909,3,103.713,1,5,97.7041,0.992729,0.992729,2.19066e-07,-21287.9,-22011.3,-15844.6,-15844.6,2.51051e+08,0,-18171.3,-15069,-54723,-54723,2.9946e+09,0,-35321.3,-61190.2,-54723,-54245.5,-35197.9,0.744301,3.45373,0.989556,0.736527,2.54377
od0,133,0.090909,0.090909,0.090909,4,179.138,2,4,86.996,0.46184,0.651584,3.38457e-07,140606,147787,162429,-45594.6,3.05019e+10,0,-50531,-43949.1,259677,63456.3,7.45113e+10,0,7361.3,82154.6,63456.3,56217.3,-1261.94,-0.324272,-1.39175,-2.19078,0.710409,-0.988711
od0,133,0.090909,0.090909,0.090909,5,179.138,2,3,86.996,0.46184,0.651584,2.6711e-08,-39000.5,-41517.4,-39432,168591,3.05019e+10,0,144913,176484,69269.2,265489,7.45113e+10,0,185065,292298,265489,253448,176155,-4.3228,1.57475,0.607666,-2.62682,-4.13659
od0,133,0.090909,0.090909,0.090909,6,189.04,1,6,162.918,0.992637,0.992637,1.23453e-08,-31066.3,-30113.3,-34619,-34619,1.19848e+09,0,-53751.9,-28241.4,-50319.6,-50319.6,2.53206e+09,0,-58555.3,-47574.4,-50319.6,-45756,-50562.4,1.11436,1.45352,0.43466,0.484368,0.70404
od0,133,0.090909,0.090909,0.090909,7,205.381,2,7,176.912,0.800723,0.88261,2.12237e-08,-36784.8,-36558.7,258452,-46139.2,9.35949e+10,0,-39394.3,-48387.5,225145,-96286.3,8.3015e+10,0,-65048.7,-106699,-96286.3,-94505.3,-63773.9,1.2543,2.08686,0.43603,0.546913,1.14133
od0,133,0.090909,0.090909,0.090909,8,205.381,2,8,176.912,0.800723,0.88261,9.16582e-07,239488,240251,-2157.48,302434,9.35949e+10,0,208233,333834,-49872.9,271558,8.3015e+10,0,194161,297357,271558,282697,200755,1.26283,0.897911,-2.83878,-3.5849,-3.21892
od0,133,0.090909,0.090909,0.090909,9,244.531,1,9,219.979,1,1,2.06266e-08,-81993.9,-81417.1,-81993.9,-81993.9,6.723e+09,0,-76453.9,-83840.6,-87556,-87556,7.66606e+09,0,-88198.4,-87341.9,-87556,-86379.1,-84538.2,1,1.06784,0.685619,0.685619,0.732129
od0,133,0.090909,0.090909,0.090909,10,272.884,2,10,251.58,0.751645,0.998146,2.48794e-09,-32498,-32266.4,43762.9,-21670.1,4.06698e+09,0,-32067.2,-18204.3,82961.6,-12365.4,1.15133e+10,0,-29751.8,-6569.96,-12365.4,-11760.7,-30225.6,0.666813,0.570622,0.218208,0.145504,0.0830277
od0,133,0.090909,0.090909,0.090909,11,272.884,2,11,251.58,0.751645,0.998146,9.86255e-09,64461.6,64242.8,-5454.77,59978.2,4.06698e+09,0,70263.6,56549.7,11258.1,106585,1.15133e+10,0,109134,105735,106585,106331,108103,0.930449,1.77706,-0.432828,-0.402724,-0.715667
od0,133,0.090909,0.090909,0.090909,12,474.137,1,12,453.745,0.999426,0.999426,2.47262e-09,111783,111328,112285,112285,1.26079e+10,0,87136.5,120668,189783,189783,3.60174e+10,0,136816,207438,189783,189114,135627,1.00449,1.69019,-0.248622,-0.249738,-0.422104
od0,133,0.090909,0.090909,0.090909,13,544.59,2,13,532.515,0.987968,0.999985,2.71198e-09,-281612,-282203,-162475,-281921,1.17632e+11,0,-361993,-255231,-148396,-273508,1.26054e+11,0,-371528,-240835,-273508,-274165,-372313,1.0011,0.970158,0.474767,0.475289,0.461105
od0,133,0.090909,0.090909,0.090909,14,544.59,2,14,532.515,0.987968,0.999985,1.30084e-09,195213,195448,75880.6,195326,1.17632e+11,0,172584,202907,101267,226378,1.26054e+11,0,191139,238125,226378,227165,192398,1.00058,1.15898,-0.329108,-0.329299,-0.38165
od0,133,0.090909,0.090909,0.090909,15,778.694,1,15,766.035,0.999531,0.999531,7.96015e-10,475650,475630,473258,473258,2.23973e+11,0,373891,506380,518163,518163,2.68493e+11,0,392204,560149,518163,518147,392145,0.994971,1.09488,-0.392215,-0.390243,-0.42727
od0,10,0,0,0.909091,1,40.8477,2,3,39.9409,0.487851,0.911305,9.86247e-07,-9914.1,-11769.5,-2566.49,-2566.49,1.31956e+07,0,-2590.75,-2558.4,-1359.68,-1359.68,3.86391e+06,0,-1458.49,-1326.74,-1359.68,-1340.18,-1435.69,0.258873,0.529781,2.9709,0.769086,0.407447
od0,10,0,0,0.909091,2,40.8477,2,4,39.9409,0.487851,0.911305,1.03167e-06,10098.3,12037.5,2570.74,2570.74,1.31956e+07,0,2544.89,2579.35,1419.57,1419.57,3.86391e+06,0,1428.51,1416.59,1419.57,1399.5,1402.45,0.254571,0.552204,-3.0261,-0.770358,-0.425395
od0,10,0,0,0.909091,3,63.6215,1,5,61.4069,0.999344,0.999344,7.08345e-11,-156.648,-156.444,-156.021,-156.021,24342.7,0,-110.528,-171.186,-61.4275,-61.4275,3773.34,0,-21.3813,-74.7763,-61.4275,-61.3075,-21.2572,0.996001,0.393712,0.0193503,0.0192729,0.00758797
od0,10,0,0,0.909091,4,166.454,2,2,-62.1637,0.84086,0.910211,2.36938e-07,104198,102857,-112095,-112095,2.51463e+10,0,-112510,-111957,-106322,-106322,2.28e+10,0,-109123,-105388,-106322,-106703,-109162,-1.07579,0.948498,-1.88036,2.02287,1.91868
od0,10,0,0,0.909091,5,166.454,2,1,-62.1637,0.84086,0.910211,2.37761e-07,-104338,-103035,112165,112165,2.51463e+10,0,112587,112024,107218,107218,2.28e+10,0,108894,106659,107218,107614,108959,-1.07502,0.95589,1.88288,-2.02413,-1.93484
od0,10,0,0,0.909091,6,183.559,2,6,156.599,0.526899,0.998877,2.26863e-07,-128068,-128290,-128083,-128083,3.27208e+10,0,-127802,-128177,-113485,-113485,2.56696e+10,0,-115729,-112738,-113485,-113493,-114504,1.00012,0.88603,1.90045,1.90067,1.68405
od0,10,0,0,0.909091,7,183.559,2,7,156.599,0.526899,0.998877,2.25978e-07,127746,128039,127732,127732,3.27208e+10,0,127903,127675,113096,113096,2.56696e+10,0,116028,112119,113096,113202,114888,0.999893,0.885414,-1.89568,-1.89547,-1.67828
od0,10,0,0,0.909091,8,192.517,1,8,165.743,0.998975,0.998975,4.98566e-12,636.068,633.054,623.86,623.86,389201,0,424.407,690.344,1433.58,1433.58,2.05515e+06,0,1332.94,1467.12,1433.58,1429.93,1330.98,0.980807,2.29792,-0.00858093,-0.00841624,-0.0193398
od0,10,0,0,0.909091,9,255.695,3,9,231.21,1,1,5.90391e-13,457.783,457.835,457.783,-110848,2.484e+10,0,-111524,-110623,3540.22,-148701,4.4635e+10,0,-145055,-149917,-148701,-147906,-142950,-242.141,1.34149,-0.00350094,0.847724,1.13721
od0,10,0,0,0.909091,10,256.062,3,11,232.036,0.507502,0.999694,3.46264e-08,112197,111671,112024,457.783,2.484e+10,0,-115.057,648.73,150017,3540.22,4.4635e+10,0,3482.95,3559.31,3540.22,3540.22,3482.95,0.00408017,7.73339,-0.855579,-0.00349091,-0.0269966
od0,10,0,0,0.909091,11,256.062,3,10,232.036,0.507502,0.999694,3.39125e-08,-111008,-110514,-110835,112038,2.484e+10,0,110947,112401,-148684,150034,4.4635e+10,0,146338,151266,150034,149202,144205,-1.00928,1.33914,0.846507,-0.854362,-1.14411
od0,10,0,0,0.909091,12,472.582,1,12,451.357,0.999185,0.999185,8.12681e-15,-201.93,-199.662,-163.5,-163.5,26732.3,0,-315.158,-112.948,1597.59,1597.59,2.55228e+06,0,523.967,1955.46,1597.59,1601.06,527.317,0.809689,-9.77116,0.00045208,0.000366044,-0.00357667
od0,10,0,0,0.909091,13,544.316,2,13,532.329,0.522604,0.999998,8.23789e-09,-466410,-467795,467643,-466995,4.37173e+11,0,-468503,-466493,497192,-500315,4.97968e+11,0,-504259,-499001,-500315,-501594,-505262,1.00125,1.07135,0.78711,0.788097,0.844328
od0,10,0,0,0.909091,14,544.316,2,14,532.329,0.522604,0.999998,8.27283e-09,467485,468786,-466569,468069,4.37173e+11,0,468169,468036,-499860,497647,4.97968e+11,0,497656,497644,497647,498849,498581,1.00125,1.06319,-0.788923,-0.78991,-0.839825
od0,10,0,0,0.909091,15,782.018,1,15,767.76,0.999488,0.999488,2.40382e-15,836.642,837.526,809.795,809.795,655767,0,53.5559,1061.87,2842.19,2842.19,8.07802e+06,0,1157.24,3403.83,2842.19,2842.24,1155.72,0.96791,3.50976,-0.000684032,-0.000662082,-0.00232375
od0,1,0,0,0.090909,1,40.8477,2,4,39.9409,0.462949,0.911305,1.03167e-06,10098.3,12037.5,-2566.49,-2566.49,1.31956e+07,0,-2590.75,-2558.4,-1359.68,-1359.68,3.86391e+06,0,-1458.49,-1326.74,-1359.68,-1340.18,-1435.69,-0.254151,0.529781,-3.0261,0.769086,0.407447
od0,1,0,0,0.090909,2,40.8477,2,3,39.9409,0.462949,0.911305,9.86247e-07,-9914.1,-11769.5,2570.74,2570.74,1.31956e+07,0,2544.89,2579.35,1419.57,1419.57,3.86391e+06,0,1428.51,1416.59,1419.57,1399.5,1402.45,-0.259301,0.552204,2.9709,-0.770358,-0.425395
od0,1,0,0,0.090909,3,63.6215,1,5,61.4069,0.999344,0.999344,7.08345e-11,-156.648,-156.444,-156.021,-156.021,24342.7,0,-110.528,-171.186,-61.4275,-61.4275,3773.34,0,-21.3813,-74.7763,-61.4275,-61.3075,-21.2572,0.996001,0.393712,0.0193503,0.0192729,0.00758797
od0,1,0,0,0.090909,4,166.454,2,1,-62.1637,0.473438,0.910211,2.37761e-07,-104338,-103035,-112095,-112095,2.51463e+10,0,-112510,-111957,-106322,-106322,2.28e+10,0,-109123,-105388,-106322,-106703,-109162,1.07435,0.948498,1.88288,2.02287,1.91868
od0,1,0,0,0.090909,5,166.454,2,2,-62.1637,0.473438,0.910211,2.36938e-07,104198,102857,112165,112165,2.51463e+10,0,112587,112024,107218,107218,2.28e+10,0,108894,106659,107218,107614,108959,1.07646,0.95589,-1.88036,-2.02413,-1.93484
od0,1,0,0,0.090909,6,183.559,2,7,156.599,0.509455,0.998877,2.25978e-07,127746,128039,-128083,-128083,3.27208e+10,0,-127802,-128177,-113485,-113485,2.56696e+10,0,-115729,-112738,-113485,-113493,-114504,-1.00264,0.88603,-1.89568,1.90067,1.68405
od0,1,0,0,0.090909,7,183.559,2,6,156.599,0.509455,0.998877,2.26863e-07,-128068,-128290,127732,127732,3.27208e+10,0,127903,127675,113096,113096,2.56696e+10,0,116028,112119,113096,113202,114888,-0.997383,0.885414,1.90045,-1.89547,-1.67828
od0,1,0,0,0.090909,8,192.517,1,8,165.743,0.998975,0.998975,4.98566e-12,636.068,633.054,623.86,623.86,389201,0,424.407,690.344,1433.58,1433.58,2.05515e+06,0,1332.94,1467.12,1433.58,1429.93,1330.98,0.980807,2.29792,-0.00858093,-0.00841624,-0.0193398
od0,1,0,0,0.090909,9,255.695,3,9,231.21,1,1,5.90391e-13,457.783,457.835,457.783,-110848,2.484e+10,0,-111524,-110623,3540.22,-148701,4.4635e+10,0,-145055,-149917,-148701,-147906,-142950,-242.141,1.34149,-0.00350094,0.847724,1.13721
od0,1,0,0,0.090909,10,256.062,3,10,232.036,0.502554,0.999694,3.39125e-08,-111008,-110514,112036,457.783,2.484e+10,0,-115.057,648.73,150032,3540.22,4.4635e+10,0,3482.95,3559.31,3540.22,3540.22,3482.95,-0.0041239,7.73339,0.846507,-0.00349091,-0.0269966
od0,1,0,0,0.090909,11,256.062,3,11,232.036,0.502554,0.999694,3.46264e-08,112197,111671,-110847,112038,2.484e+10,0,110947,112401,-148699,150034,4.4635e+10,0,146338,151266,150034,149202,144205,0.998578,1.33914,-0.855579,-0.854362,-1.14411
od0,1,0,0,0.090909,12,472.582,1,12,451.357,0.999185,0.999185,8.12681e-15,-201.93,-199.662,-163.5,-163.5,26732.3,0,-315.158,-112.948,1597.59,1597.59,2.55228e+06,0,523.967,1955.46,1597.59,1601.06,527.317,0.809689,-9.77116,0.00045208,0.000366044,-0.00357667
od0,1,0,0,0.090909,13,544.316,2,13,532.329,0.533017,0.999998,8.23789e-09,-466410,-467795,467118,-466995,4.37173e+11,0,-468503,-466493,496632,-500315,4.97968e+11,0,-504259,-499001,-500315,-501594,-505262,1.00125,1.07135,0.78711,0.788097,0.844328
od0,1,0,0,0.090909,14,544.316,2,14,532.329,0.533017,0.999998,8.27283e-09,467485,468786,-466044,468069,4.37173e+11,0,468169,468036,-499301,497647,4.97968e+11,0,497656,497644,497647,498849,498581,1.00125,1.06319,-0.788923,-0.78991,-0.839825
od0,1,0,0,0.090909,15,782.018,1,15,767.76,0.999488,0.999488,2.40382e-15,836.642,837.526,809.795,809.795,655767,0,53.5559,1061.87,2842.19,2842.19,8.07802e+06,0,1157.24,3403.83,2842.19,2842.24,1155.72,0.96791,3.50976,-0.000684032,-0.000662082,-0.00232375
od0,3,0,0,0.272727,1,96.9283,2,2,45.8521,0.401169,0.752385,7.65815e-07,60267.1,59959.3,-32345.2,-32345.2,2.0771e+09,0,-32265.1,-32371.9,-26351.7,-26351.7,1.38417e+09,0,-26960.7,-26148.7,-26351.7,-26269.7,-26806.6,-0.536698,0.814702,-3.20737,1.72139,1.40242
od0,3,0,0,0.272727,2,96.9283,2,1,45.8521,0.401169,0.752385,7.8512e-07,-60887.2,-60710.3,32107.4,32107.4,2.0771e+09,0,32217.6,32070.7,26263.3,26263.3,1.38417e+09,0,27004.8,26016.2,26263.3,26161.4,26796.7,-0.527325,0.817984,3.24037,-1.70873,-1.39771
od0,3,0,0,0.272727,3,144.528,1,5,135.36,0.996633,0.996633,1.00404e-11,-384.078,-387.891,-535.908,-535.908,287198,0,-341.476,-600.719,0.111555,0.111555,0.0124444,0,237.876,-79.1432,0.111555,-0.868547,236.856,1.39531,-0.00020816,0.00919356,0.0128279,-2.67025e-06
od0,3,0,0,0.272727,4,181.264,2,6,147.284,0.376908,0.735675,6.42685e-08,-73739.7,-67252.9,-107740,-107740,2.29479e+10,18703,-106894,-108022,-104520,-104520,2.17015e+10,24378.3,-105208,-104290,-104520,-105987,-101294,1.46109,0.970109,1.12215,1.63955,1.59055
od0,3,0,0,0.272727,5,181.264,2,7,147.284,0.376909,0.735675,6.44784e-08,73725.3,67362.6,106489,106489,2.29479e+10,18465.6,107264,106231,103813,103813,2.17015e+10,24010.3,105866,103129,103813,104161,100500,1.44441,0.974868,-1.12193,-1.62052,-1.57979
od0,3,0,0,0.272727,6,186.003,2,4,123.825,0.293253,0.575937,3.05107e-08,42542.2,48367.7,-31927.5,-31927.5,2.21143e+09,18703,-33858.7,-31283.8,-31378.9,-31378.9,2.2427e+09,24378.3,-34579.9,-30311.9,-31378.9,-28670.8,-36596.1,-0.75049,0.982818,-0.614821,0.461417,0.453489
od0,3,0,0,0.272727,7,186.003,2,3,123.825,0.293253,0.575937,2.83337e-08,-40826.5,-46610.2,34526.3,34526.3,2.21143e+09,18465.6,33489.8,34871.8,35469.2,35469.2,2.2427e+09,24010.3,35105.2,35590.6,35469.2,33938.6,38672.6,-0.845684,1.02731,0.590025,-0.498975,-0.512602
od0,3,0,0,0.272727,8,249.396,1,8,233.05,0.996348,0.996348,1.53097e-11,2513.78,2517.67,2644.4,2644.4,6.99286e+06,0,1396.45,3060.39,4014.12,4014.12,1.61132e+07,0,2707.08,4449.81,4014.12,4015.04,2707.88,1.05196,1.51797,-0.0202078,-0.0212579,-0.0322688
od0,3,0,0,0.272727,9,275.439,1,9,255.602,1,1,3.51859e-12,1206.37,1206.41,1206.37,1206.37,1.45532e+06,0,-385.447,1736.97,3912.82,3912.82,1.53101e+07,0,2813.94,4279.11,3912.82,3912.82,2813.94,1,3.24347,-0.00795058,-0.00795058,-0.0257875
od0,3,0,0,0.272727,10,287.59,2,10,271.201,0.498633,0.996383,9.17984e-11,-9027.88,-7288.82,5356.86,-2746.8,3.62408e+07,0,-4495.78,-2163.81,49727.5,-47967,4.77365e+09,0,-45116.7,-48917,-47967,-45830.8,-42480.9,0.304258,17.4628,0.0545767,0.0166054,0.289977
od0,3,0,0,0.272727,11,287.59,2,11,271.201,0.498633,0.996383,1.68083e-10,11662.8,9862.82,-2746.8,5356.86,3.62408e+07,0,3015.19,6137.41,-47967,49727.5,4.77365e+09,0,43986,51641.3,49727.5,47518.8,41270.8,0.45931,9.28296,-0.0705059,-0.032384,-0.30062
od0,3,0,0,0.272727,12,498.01,1,12,487.707,0.999521,0.999521,1.93375e-13,-1661,-1661,-1626.39,-1626.39,2.64513e+06,0,-1166.1,-1779.81,208.01,208.01,43268.1,0,-92.8648,308.302,208.01,207.832,-92.2106,0.979158,-0.127897,0.00334861,0.00327882,-0.000419352
od0,3,0,0,0.272727,13,532.479,2,13,519.986,0.549876,0.99992,7.33351e-09,-496869,-497763,499548,-499738,5.01727e+11,0,-502187,-498922,523767,-528612,5.56456e+11,0,-533822,-526875,-528612,-529463,-534451,1.00578,1.05778,0.876205,0.881266,0.932183
od0,3,0,0,0.272727,14,532.479,2,14,519.986,0.549876,0.99992,7.40075e-09,499119,500039,-497302,501984,5.01727e+11,0,501315,502207,-526046,526333,5.56456e+11,0,525760,526524,526333,527218,526424,1.00574,1.0485,-0.880174,-0.885227,-0.928164
od0,3,0,0,0.272727,15,774.184,1,15,764.529,0.999837,0.999837,3.25438e-14,3018.41,3018.7,3005.01,3005.01,9.03007e+06,0,664.391,3785.21,5824.11,5824.11,3.39203e+07,0,1833.37,7154.36,5824.11,5824.35,1832.94,0.995558,1.93814,-0.00251803,-0.00250684,-0.00485861
od0,8,0,0,0.727273,1,96.9283,2,2,45.8521,0.414464,0.752385,7.65815e-07,60267.1,59959.3,-32345.2,-32345.2,2.0771e+09,0,-32265.1,-32371.9,-26351.7,-26351.7,1.38417e+09,0,-26960.7,-26148.7,-26351.7,-26269.7,-26806.6,-0.536698,0.814702,-3.20737,1.72139,1.40242
od0,8,0,0,0.727273,2,96.9283,2,1,45.8521,0.414464,0.752385,7.8512e-07,-60887.2,-60710.3,32107.4,32107.4,2.0771e+09,0,32217.6,32070.7,26263.3,26263.3,1.38417e+09,0,27004.8,26016.2,26263.3,26161.4,26796.7,-0.527325,0.817984,3.24037,-1.70873,-1.39771
od0,8,0,0,0.727273,3,144.528,1,5,135.36,0.996633,0.996633,1.00404e-11,-384.078,-387.891,-535.908,-535.908,287198,0,-341.476,-600.719,0.111555,0.111555,0.0124444,0,237.876,-79.1432,0.111555,-0.868547,236.856,1.39531,-0.00020816,0.00919356,0.0128279,-2.67025e-06
od0,8,0,0,0.727273,4,181.264,2,6,147.284,0.375899,0.735675,6.42685e-08,-73739.7,-67252.9,-107740,-107740,2.29479e+10,18703,-106894,-108022,-104520,-104520,2.17015e+10,24378.3,-105208,-104290,-104520,-105987,-101294,1.46109,0.970109,1.12215,1.63955,1.59055
od0,8,0,0,0.727273,5,181.264,2,7,147.284,0.375899,0.735675,6.44784e-08,73725.3,67362.6,106489,106489,2.29479e+10,18465.6,107264,106231,103813,103813,2.17015e+10,24010.3,105866,103129,103813,104161,100500,1.44441,0.974868,-1.12193,-1.62052,-1.57979
od0,8,0,0,0.727273,6,186.003,2,3,123.825,0.292223,0.575937,2.83337e-08,-40826.5,-46610.2,-31927.5,-31927.5,2.21143e+09,18703,-33858.7,-31283.8,-31378.9,-31378.9,2.2427e+09,24378.3,-34579.9,-30311.9,-31378.9,-28670.8,-36596.1,0.78203,0.982818,0.590025,0.461417,0.453489
od0,8,0,0,0.727273,7,186.003,2,4,123.825,0.292223,0.575937,3.05107e-08,42542.2,48367.7,34526.3,34526.3,2.21143e+09,18465.6,33489.8,34871.8,35469.2,35469.2,2.2427e+09,24010.3,35105.2,35590.6,35469.2,33938.6,38672.6,0.811577,1.02731,-0.614821,-0.498975,-0.512602
od0,8,0,0,0.727273,8,249.396,1,8,233.05,0.996348,0.996348,1.53097e-11,2513.78,2517.67,2644.4,2644.4,6.99286e+06,0,1396.45,3060.39,4014.12,4014.12,1.61132e+07,0,2707.08,4449.81,4014.12,4015.04,2707.88,1.05196,1.51797,-0.0202078,-0.0212579,-0.0322688
od0,8,0,0,0.727273,9,275.439,1,9,255.602,1,1,3.51859e-12,1206.37,1206.41,1206.37,1206.37,1.45532e+06,0,-385.447,1736.97,3912.82,3912.82,1.53101e+07,0,2813.94,4279.11,3912.82,3912.82,2813.94,1,3.24347,-0.00795058,-0.00795058,-0.0257875
od0,8,0,0,0.727273,10,287.59,2,11,271.201,0.572284,0.996383,1.68083e-10,11662.8,9862.82,5356.86,-2746.8,3.62408e+07,0,-4495.78,-2163.81,49727.5,-47967,4.77365e+09,0,-45116.7,-48917,-47967,-45830.8,-42480.9,-0.235517,17.4628,-0.0705059,0.0166054,0.289977
od0,8,0,0,0.727273,11,287.59,2,10,271.201,0.572284,0.996383,9.17984e-11,-9027.88,-7288.82,-2746.8,5356.86,3.62408e+07,0,3015.19,6137.41,-47967,49727.5,4.77365e+09,0,43986,51641.3,49727.5,47518.8,41270.8,-0.593368,9.28296,0.0545767,-0.032384,-0.30062
od0,8,0,0,0.727273,12,498.01,1,12,487.707,0.999521,0.999521,1.93375e-13,-1661,-1661,-1626.39,-1626.39,2.64513e+06,0,-1166.1,-1779.81,208.01,208.01,43268.1,0,-92.8648,308.302,208.01,207.832,-92.2106,0.979158,-0.127897,0.00334861,0.00327882,-0.000419352
od0,8,0,0,0.727273,13,532.479,2,13,519.986,0.560825,0.99992,7.33351e-09,-496869,-497763,498393,-499738,5.01727e+11,0,-502187,-498922,522550,-528612,5.56456e+11,0,-533822,-526875,-528612,-529463,-534451,1.00578,1.05778,0.876205,0.881266,0.932183
od0,8,0,0,0.727273,14,532.479,2,14,519.986,0.560825,0.99992,7.40075e-09,499119,500039,-496146,501984,5.01727e+11,0,501315,502207,-524829,526333,5.56456e+11,0,525760,526524,526333,527218,526424,1.00574,1.0485,-0.880174,-0.885227,-0.928164
od0,8,0,0,0.727273,15,774.184,1,15,764.529,0.999837,0.999837,3.25438e-14,3018.41,3018.7,3005.01,3005.01,9.03007e+06,0,664.391,3785.21,5824.11,5824.11,3.39203e+07,0,1833.37,7154.36,5824.11,5824.35,1832.94,0.995558,1.93814,-0.00251803,-0.00250684,-0.00485861
od0,121,0.090909,0,0,1,40.8477,2,4,39.9409,0.55323,0.911305,8.23019e-11,101.192,107.515,3.04931,-12.3812,494.8,0,-9.86564,-27.8888,42.3431,-22.8611,12089.1,0,2.68201,-31.3755,-22.8611,108.312,56.2756,-0.122354,1.84644,-0.0303236,0.00371021,0.00685066
od0,121,0.090909,0,0,2,40.8477,2,3,39.9409,0.55323,0.911305,1.67231e-11,60.2008,48.4645,3.04936,18.4799,494.8,0,34.1416,27.9284,42.3433,107.548,12089.1,0,57.0598,124.377,107.548,-33.5401,-4.72802,0.306971,5.81971,-0.01804,-0.00553776,-0.0322282
od0,121,0.090909,0,0,3,63.6215,1,5,61.4069,0.999344,0.999344,7.6963e-10,498.712,515.676,504.087,504.087,254104,0,-326.252,780.867,468.941,468.941,219905,0,-353.524,743.096,468.941,488.157,-340.341,1.01078,0.930277,-0.0616044,-0.0622684,-0.0579269
od0,121,0.090909,0,0,4,166.454,2,1,-62.1637,0.47372,0.910211,4.16073e-13,-165.147,-136.301,-37.5958,-62.405,4057.86,0,-69.7799,-59.9467,1326.64,264.235,5.77749e+06,0,-284.277,447.073,264.235,2387.17,-252.614,0.377874,-4.2342,0.00298025,0.00112616,-0.00476838
od0,121,0.090909,0,0,5,166.454,2,2,-62.1637,0.47372,0.910211,3.23361e-13,-111.689,-120.159,-37.5952,-12.7861,4057.86,0,-7.52696,-14.5391,1326.67,2389.07,5.77749e+06,0,2018.62,2512.55,2389.07,316.959,2020.52,0.114479,-186.85,0.00201554,0.000230737,-0.0431131
od0,121,0.090909,0,0,6,183.559,2,6,156.599,0.651958,0.998877,1.54705e-11,-585.964,-1059.4,-388.536,-612.381,402134,0,-60.3925,-796.377,-46.834,-673.372,789488,0,0.549852,-898.013,-673.372,-1047.65,-284.889,1.04508,1.0996,0.00869536,0.00908737,0.00999244
od0,121,0.090909,0,0,7,183.559,2,7,156.599,0.651958,0.998877,2.97208e-13,-149.182,-146.838,-388.536,-164.691,402134,0,59.6066,-239.457,-46.8339,579.704,789488,0,847.503,490.438,579.704,581.302,847.339,1.10396,-3.51995,0.00221377,0.00244392,-0.00860247
od0,121,0.090909,0,0,8,192.517,1,8,165.743,0.998975,0.998975,1.0474e-12,-240.68,290.158,-250.702,-250.702,62851.4,0,-614.225,-129.528,-378.756,-378.756,143456,0,-551.641,-321.128,-378.756,52.3326,-202.019,1.04164,1.51078,0.00324692,0.00338212,0.00510965
od0,121,0.090909,0,0,9,255.695,3,9,231.21,1,1,2.02434e-12,595.196,847.777,595.195,-109962,2.44429e+10,0,-110698,-109717,703.46,-150781,4.58918e+10,0,-147379,-151914,-150781,-150561,-145705,-184.75,1.3712,-0.00455182,0.840949,1.15311
od0,121,0.090909,0,0,10,256.062,3,10,232.036,0.572028,0.999694,5.86152e-13,459.447,459.453,518.918,458.757,2.44429e+10,0,-114.991,650.006,2074.06,3549.89,4.58918e+10,0,3453.86,3581.9,3549.89,3549.59,3453.41,0.998498,7.73807,-0.0035036,-0.00349833,-0.0270703
od0,121,0.090909,0,0,11,256.062,3,11,232.036,0.572028,0.999694,1.83021e-13,581.254,256.736,516.866,111135,2.44429e+10,0,110020,111506,2124.43,152133,4.58918e+10,0,148628,153301,152133,151829,146893,191.198,1.3689,-0.00443245,-0.847477,-1.16011
od0,121,0.090909,0,0,12,472.582,1,12,451.357,0.999185,0.999185,2.62192e-14,388.894,358.63,375.962,375.962,141347,0,-54.4559,519.434,-501.288,-501.288,251290,0,-1870.56,-44.8636,-501.288,-496.16,-1893.37,0.966745,-1.33335,-0.000870656,-0.000841702,0.00112228
od0,121,0.090909,0,0,13,544.316,2,13,532.329,0.611893,0.999998,1.51308e-14,507.338,633.983,578.74,507.823,659822,0,-458.869,830.054,471.349,-1284.97,5.03502e+06,0,-3520.82,-539.68,-1284.97,1839.38,-493.177,1.00096,-2.53034,-0.000856179,-0.000856999,0.0021685
od0,121,0.090909,0,0,14,544.316,2,14,532.329,0.611893,0.999998,1.23679e-14,633.977,573.186,563.068,633.985,659822,0,-381.937,972.626,83.2183,1839.53,5.03502e+06,0,-492.683,2616.94,1839.53,-1262.19,-3489.92,1.00001,2.90154,-0.00106989,-0.00106991,-0.00310438
od0,121,0.090909,0,0,15,782.018,1,15,767.76,0.999488,0.999488,1.02817e-14,-1676.96,-1732.13,-1659.38,-1659.38,2.75356e+06,0,-71.6211,-2188.64,-2467.27,-2467.27,6.08744e+06,0,-1848.98,-2673.37,-2467.27,-2529.01,-1897.47,0.989518,1.48686,0.00137107,0.0013567,0.00201722
od0,242,0.181818,0,0,1,74.1489,2,2,-24.9896,0.476486,0.571909,1.91768e-11,-237.228,-246.473,5.98011,-11.065,652.591,0,-3.6825,-23.2875,155.892,-3.09199,99156,0,72.7263,-28.3647,-3.09199,322.3,252.376,0.046643,0.279438,0.0215738,0.00100627,0.000281189
od0,242,0.181818,0,0,2,74.1489,2,1,-24.9896,0.476486,0.571909,1.92932e-11,-284.017,-247.221,5.97997,23.0251,652.591,0,161.963,-13.5259,155.892,314.875,99156,0,257.878,333.874,314.875,-3.66804,50.5755,-0.0810694,13.6753,0.0258288,-0.00209393,-0.0286351
od0,242,0.181818,0,0,3,112.905,1,5,106.769,0.995939,0.995939,4.9671e-10,1396.38,1479.1,1495.2,1495.2,2.23561e+06,0,-504.176,2161.65,1408.73,1408.73,1.98451e+06,0,-543.982,2059.63,1408.73,1482.65,-475.927,1.07077,0.942169,-0.0547705,-0.0586464,-0.0552549
od0,242,0.181818,0,0,4,177.264,2,4,90.1854,0.493435,0.569573,6.4459e-12,664.39,662.238,548.007,528.045,601419,380.644,-363.288,825.156,1648.48,568.25,7.7689e+06,324.04,-650.112,974.371,568.25,596.675,-673.823,0.794782,1.07614,-0.0105719,-0.00840234,-0.00904209
od0,242,0.181818,0,0,5,177.264,2,3,90.1854,0.493435,0.569573,4.33806e-12,585.998,543.275,548.007,567.968,601419,380.643,-218.309,830.06,1648.5,2728.73,7.7689e+06,324.039,1679.91,3078.34,2728.73,2679.2,1692.41,0.969232,4.80438,-0.00932449,-0.0090376,-0.0434201
od0,242,0.181818,0,0,6,182.165,2,6,152.034,0.740108,0.975589,6.38527e-13,-1555.16,-213.704,-1073.22,-1795.54,3.34709e+06,380.644,-244.806,-2312.45,-727.129,-1880.9,3.71983e+06,324.04,-289.393,-2411.41,-1880.9,471.614,-513.245,1.15457,1.04754,0.0234323,0.0270542,0.0283404
od0,242,0.181818,0,0,7,182.165,2,7,152.034,0.740108,0.975589,5.54217e-11,-226.161,-1990.96,-1073.22,-350.911,3.34709e+06,380.643,117.317,-506.988,-727.129,426.647,3.71983e+06,324.039,887.51,273.026,426.647,-2300.06,885.173,1.5516,-1.21583,0.00340768,0.00528734,-0.00642848
od0,242,0.181818,0,0,8,217.952,1,8,196.877,0.995514,0.995514,5.92217e-14,-439.554,85.628,-545.285,-545.285,297336,0,-2121.54,-19.8664,-826.352,-826.352,682857,0,-2241.66,-354.583,-826.352,-329.227,-1914.78,1.24054,1.51545,0.0046266,0.00573949,0.0086979
od0,242,0.181818,0,0,9,264.853,1,9,242.54,1,1,2.797e-12,1017.24,1041.08,1017.24,1017.24,1.03477e+06,63674,-879.977,1649.64,1137.4,1137.4,1.29367e+06,87330.6,109.848,1479.91,1137.4,1329.85,237.512,0.999999,1.11812,-0.00725075,-0.00725075,-0.00810722
od0,242,0.181818,0,0,10,268.568,2,11,247.847,0.863608,0.997419,1.27728e-12,907.425,720.124,887.645,881.88,1.57589e+06,63674,-351.301,1265.28,2364.98,920.319,1.53707e+07,87330.6,396.138,1095.05,920.319,3808.31,3015.41,0.971849,1.04359,-0.00629032,-0.00611324,-0.00637971
od0,242,0.181818,0,0,11,268.568,2,10,247.847,0.863608,0.997419,1.93721e-12,886.956,886.855,887.641,893.406,1.57589e+06,63644,-268.328,1308.31,2366.34,3811,1.53707e+07,87289.4,3019.57,4074.81,3811,565.595,184.325,1.00727,4.2657,-0.00614843,-0.00619314,-0.0264181
od0,242,0.181818,0,0,12,482.444,1,12,466.007,0.999269,0.999269,2.98049e-13,1309.21,1290.56,1265.76,1265.76,1.60214e+06,0,-48.9315,1703.99,232.663,232.663,54132.3,0,-1864.07,931.575,232.663,229.912,-1929.53,0.966813,0.183813,-0.00281245,-0.00271911,-0.000499809
od0,242,0.181818,0,0,13,539.374,2,14,527.262,0.824828,0.999976,2.0067e-14,1032.04,772.068,883.553,720.821,1.58486e+06,0,-1262.37,1381.88,735.807,-1030.1,6.57434e+06,0,-4324.71,68.104,-1030.1,2347.86,-585.037,0.698443,-1.42906,-0.00177372,-0.00123884,0.00177039
od0,242,0.181818,0,0,14,539.374,2,13,527.262,0.824828,0.999976,3.58541e-14,715.512,1032.01,869.392,1032.12,1.58486e+06,0,-514.184,1547.56,582.123,2348.03,6.57434e+06,0,-584.534,3325.55,2348.03,-993.527,-4286.91,1.4425,2.27495,-0.00122972,-0.00177387,-0.00403546
od0,242,0.181818,0,0,15,779.636,1,15,767.406,0.999663,0.999663,1.00575e-13,-5319.27,-5360.68,-5268.91,-5268.91,2.77614e+07,0,-303.477,-6924.05,-6792.8,-6792.8,4.61421e+07,0,-2929.98,-8080.4,-6792.8,-6844.08,-2943.38,0.990532,1.28922,0.00437561,0.00433418,0.00558773
od0,253,0.181818,0.090909,0,1,81.1382,2,1,11.6091,0.70878,0.70878,3.83324e-09,-2803.37,-2967.23,-4321.47,-4321.47,1.2411e+09,0,-6721.81,-3521.35,-107802,-107802,1.24926e+10,0,-57195.9,-124671,-107802,-105335,-55751.8,1.54153,24.9458,0.212912,0.328209,8.18744
od0,253,0.181818,0.090909,0,2,81.1488,2,2,53.5318,0.88309,0.88309,1.04412e-05,109682,106083,34963.1,34963.1,1.2411e+09,0,21377.6,39491.7,-29516,-29516,1.24926e+10,0,-11436.6,-35542.5,-29516,-29742.3,-11386.8,0.31877,-0.844203,-8.32797,-2.65471,2.24111
od0,253,0.181818,0.090909,0,3,119.889,1,4,110.17,0.908505,0.908505,1.33802e-08,8316.52,8510.71,-43578.3,-43578.3,1.89906e+09,0,-39721.6,-44863.8,-58989.3,-58989.3,3.47974e+09,0,-47334.9,-62874.2,-58989.3,-58335.2,-47044.4,-5.23996,1.35364,-0.289305,1.51595,2.05205
od0,253,0.181818,0.090909,0,4,181.533,1,6,151.126,0.926295,0.926295,2.03524e-09,11985.5,11998.1,12456,12456,1.55151e+08,105.289,10338.8,13161.7,-74796.5,-74796.5,5.59452e+09,33174.6,-33999.4,-88395.6,-74796.5,-87396.8,-43019.3,1.03925,-6.00487,-0.18185,-0.188988,1.13485
od0,253,0.181818,0.090909,0,5,185.74,2,5,121.481,0.663623,0.663623,3.33847e-07,167735,154259,128855,9326.41,1.66905e+10,0.00203181,9094.1,9403.85,241498,196825,9.70611e+10,0.0176496,103508,227931,196825,224369,130877,0.0556019,21.104,-2.431,-0.135168,-2.85259
od0,253,0.181818,0.090909,0,6,185.928,2,3,109.796,0.670749,0.670749,3.90133e-10,-20509.6,-5410.42,9326.41,128855,1.66905e+10,105.289,102359,137687,196825,241498,9.70611e+10,33174.6,153470,270840,241498,206544,110838,-6.28265,1.87418,0.296644,-1.86371,-3.49294
od0,253,0.181818,0.090909,0,7,201.68,1,7,171.764,0.763931,0.763931,1.54212e-07,110457,113314,144048,144048,2.07499e+10,0,52414.1,174593,118685,118685,1.40862e+10,0,39802.5,144980,118685,126806,58022.7,1.30412,0.823926,-1.35779,-1.77072,-1.45895
od0,253,0.181818,0.090909,0,8,232.654,1,8,207.579,0.920035,0.920035,1.34492e-07,170247,169841,271914,271914,7.39374e+10,0,158883,309591,237834,237834,5.6565e+10,0,143955,269127,237834,243980,145776,1.59717,0.874665,-1.57264,-2.51177,-2.19696
od0,253,0.181818,0.090909,0,9,251.719,1,9,228.914,0.99675,0.99675,3.2311e-08,-106836,-106732,-96972,-96972,9.40357e+09,0,-102290,-95199.3,-123277,-123277,1.51972e+10,0,-127221,-121962,-123277,-121407,-124526,0.907669,1.27126,0.843059,0.765218,0.972793
od0,253,0.181818,0.090909,0,10,270.588,1,10,250.847,0.998604,0.998604,3.58575e-10,-12223.6,-12198.1,-12166.9,-12166.9,1.48032e+08,0,-13093.7,-11857.9,47762.3,47762.3,2.28123e+09,0,18783.4,57421.9,47762.3,48078.3,18987,0.99536,-3.92561,0.083474,0.0830867,-0.326166
od0,253,0.181818,0.090909,0,11,286.187,1,11,267.518,0.997289,0.997289,1.14391e-08,74512.5,74408.5,71405.9,71405.9,5.09881e+09,0,69755.5,71956,103527,103527,1.07178e+10,0,99269.1,104946,103527,104590,99733.9,0.958308,1.44983,-0.454882,-0.435918,-0.632008
od0,253,0.181818,0.090909,0,12,481.151,1,12,464.374,0.999345,0.999345,8.76423e-09,220427,219739,214853,214853,4.61619e+10,0,149328,236695,361782,361782,1.30886e+11,0,229031,406033,361782,360586,226962,0.974712,1.68386,-0.476071,-0.464032,-0.781364
od0,253,0.181818,0.090909,0,13,537.733,1,13,525.544,0.999978,0.999978,9.68695e-13,-5387.82,-5455.99,-5406.79,-5406.79,2.92333e+07,0,-3927.71,-5899.81,-166.846,-166.846,27837.5,0,-2381.53,571.383,-166.846,-69.2145,-2340.04,1.00352,0.0308586,0.00931643,0.00934923,0.000288504
od0,253,0.181818,0.090909,0,14,543.763,1,14,531.583,0.999936,0.999936,1.51891e-11,-21612.1,-21843.2,-18652.5,-18652.5,3.47915e+08,0,-170551,31980.2,18604.2,18604.2,3.46116e+08,0,-159626,78014.4,18604.2,18902.8,-158834,0.863056,-0.99741,0.0365467,0.0315418,-0.0314602
od0,253,0.181818,0.090909,0,15,779.541,1,15,768.113,0.999663,0.999663,1.46864e-09,648486,648930,645752,645752,4.16995e+11,0,466556,705483,756209,756209,5.71852e+11,0,521053,834594,756209,756607,521382,0.995784,1.17105,-0.533571,-0.531321,-0.622205
od0,1325,0.909091,0.909091,0.454545,1,114.174,1,1,96.2116,0.702397,0.702397,1.07456e-06,-67077.5,-66966,-71436.9,-71436.9,5.10323e+09,1.06001e-08,-70032.1,-71905.2,-55234.9,-55234.9,3.0509e+09,6.8649e-05,-55061.7,-55292.7,-55234.9,-55277.8,-55046.9,1.06499,0.773199,2.57283,2.74004,2.11859
od0,1325,0.909091,0.909091,0.454545,2,116.698,1,2,102.359,0.991186,0.991186,1.01044e-06,72431.7,72442.5,75654.2,75654.2,5.72356e+09,1.06001e-08,76216.2,75466.9,60822,60822,3.69932e+09,6.8649e-05,61714.6,60524.5,60822,60774.2,61527.2,1.04449,0.803947,-2.65932,-2.77763,-2.23307
od0,1325,0.909091,0.909091,0.454545,3,139.455,1,3,106.74,0.677549,0.677549,4.93739e-07,-67126.4,-67701.4,-22118.7,-22118.7,4.89238e+08,0,-13011,-25154.6,49675.9,49675.9,2.4677e+09,0,-172.496,66292.1,49675.9,50072.6,-22.1605,0.329508,-2.24588,1.72582,0.568671,-1.27717
od0,1325,0.909091,0.909091,0.454545,4,197.709,1,5,168.929,0.790714,0.790714,9.5543e-08,-103166,-103025,-50505.5,-50505.5,2.55081e+09,0,-47346.3,-51558.6,-17223.3,-17223.3,2.96641e+08,0,-21504.5,-15796.2,-17223.3,-15527,-20372,0.489554,0.341018,1.31963,0.646032,0.220308
od0,1325,0.909091,0.909091,0.454545,5,209.561,1,4,154.233,0.782963,0.782963,1.60141e-08,-45011.3,-45357.9,-100779,-100779,1.01564e+10,0,599.564,-134572,-74891.1,-74891.1,5.60868e+09,0,15221.5,-104929,-74891.1,-76570,13994.9,2.23898,0.743121,0.512475,1.14742,0.852671
od0,1325,0.909091,0.909091,0.454545,6,220.247,1,6,192.409,0.964274,0.964274,7.98683e-11,3202.36,3055.9,1700.85,1700.85,2.8929e+06,0,925.037,1959.46,-67334.4,-67334.4,4.53393e+09,0,-30717.7,-79540,-67334.4,-66076.5,-29502.8,0.531125,-39.5887,-0.0330079,-0.0175313,0.694042
od0,1325,0.909091,0.909091,0.454545,7,255.249,1,8,237.252,0.999062,0.999062,3.1743e-09,34577.8,34670.2,36894.3,36894.3,1.36119e+09,2.56928e-08,38816.7,36253.6,38742.3,38742.3,1.50097e+09,0.00775986,33497.2,40490.7,38742.3,38827.2,33457.1,1.06699,1.05009,-0.265362,-0.28314,-0.297321
od0,1325,0.909091,0.909091,0.454545,8,256.126,1,7,236.289,0.80414,0.80414,4.14213e-08,-134912,-134666,-70513.8,-70513.8,4.9722e+09,2.56928e-08,-62684.4,-73123.6,-46263.4,-46263.4,2.1403e+09,0.00775986,-46322.8,-46243.6,-46263.4,-47661.4,-46920.7,0.522664,0.65609,1.02828,0.537447,0.352613
od0,1325,0.909091,0.909091,0.454545,9,271.019,1,9,250.251,0.806734,0.806734,2.69338e-08,-105982,-105654,-208666,-208666,4.35416e+10,0,-139714,-231651,-180827,-180827,3.26985e+10,0,-128542,-198256,-180827,-181061,-129488,1.96888,0.866586,0.721448,1.42044,1.23093
od0,1325,0.909091,0.909091,0.454545,10,339.623,1,10,331.668,0.999568,0.999568,3.08128e-09,-75037.1,-75237.3,-75894.3,-75894.3,5.75995e+09,0,-70475.9,-77700.5,-62977.9,-62977.9,3.96622e+09,0,-52221.7,-66563.3,-62977.9,-63093.7,-52547.8,1.01142,0.829811,0.325277,0.328993,0.273002
od0,1325,0.909091,0.909091,0.454545,11,345.183,1,11,336.446,0.999243,0.999243,1.58594e-09,52500.5,52571.1,50427,50427,2.54288e+09,0,42777,52977,6221.22,6221.22,3.87036e+07,0,10575.9,4769.67,6221.22,6306.59,10908.7,0.960504,0.123371,-0.22031,-0.211609,-0.0261064
od0,1325,0.909091,0.909091,0.454545,12,522.354,1,12,507.867,0.999968,0.999968,1.40133e-08,-669966,-669935,-670324,-670324,4.49335e+11,1.08535e-07,-591301,-696665,-637728,-637728,4.06697e+11,0.0210792,-581134,-656592,-637728,-637867,-581146,1.00054,0.951372,1.2277,1.22836,1.16863
od0,1325,0.909091,0.909091,0.454545,13,522.967,1,14,521.532,0.707467,0.707467,5.11832e-11,-51501.5,-44019,-42889.8,-42889.8,1.83953e+09,131613,16997.7,-62852.3,-18462.8,-18462.8,3.40874e+08,145160,32413.9,-35421.7,-18462.8,23388.6,-43378.8,0.832786,0.43047,0.0941547,0.0784107,0.0337535
od0,1325,0.909091,0.909091,0.454545,14,527.635,1,13,512.256,0.707419,0.707419,3.41633e-09,347528,340205,338586,338586,1.14641e+11,131613,371227,327706,397211,397211,1.57777e+11,145160,413219,391875,397211,355358,489554,0.974269,1.17315,-0.624157,-0.608097,-0.713387
od0,1325,0.909091,0.909091,0.454545,15,768.209,1,15,763.322,0.999952,0.999952,1.13066e-12,-17589.2,-17513.4,-17263,-17263,2.98012e+08,0,3049.68,-24033.9,-14870.6,-14870.6,2.21136e+08,0,4730.64,-21404.4,-14870.6,-14732.9,4677.92,0.981455,0.861415,0.0149025,0.0146261,0.0125991
od0,137,0.090909,0.090909,0.454545,1,114.174,1,1,96.2116,0.702397,0.702397,1.07456e-06,-67077.5,-66966,-71436.9,-71436.9,5.10323e+09,7.00288e-09,-70032.1,-71905.2,-55234.9,-55234.9,3.0509e+09,6.8661e-05,-55061.7,-55292.7,-55234.9,-55277.8,-55046.9,1.06499,0.773199,2.57283,2.74004,2.11859
od0,137,0.090909,0.090909,0.454545,2,116.698,1,2,102.359,0.991186,0.991186,1.01044e-06,72431.7,72442.5,75654.2,75654.2,5.72356e+09,7.00288e-09,76216.2,75466.9,60822,60822,3.69932e+09,6.8661e-05,61714.6,60524.5,60822,60774.2,61527.2,1.04449,0.803947,-2.65932,-2.77763,-2.23307
od0,137,0.090909,0.090909,0.454545,3,139.455,1,3,106.74,0.677549,0.677549,4.93739e-07,-67126.4,-67701.4,-22118.7,-22118.7,4.89238e+08,0,-13011,-25154.6,49675.9,49675.9,2.4677e+09,0,-172.495,66292.1,49675.9,50072.6,-22.1599,0.329508,-2.24588,1.72582,0.568671,-1.27717
od0,137,0.090909,0.090909,0.454545,4,197.709,1,5,168.929,0.790714,0.790714,9.5543e-08,-103166,-103025,-50505.5,-50505.5,2.55081e+09,0,-47346.3,-51558.6,-17223.3,-17223.3,2.96641e+08,0,-21504.5,-15796.2,-17223.3,-15527,-20372,0.489554,0.341018,1.31963,0.646032,0.220308
od0,137,0.090909,0.090909,0.454545,5,209.561,1,4,154.233,0.782963,0.782963,1.60141e-08,-45011.3,-45357.9,-100779,-100779,1.01564e+10,0,599.564,-134572,-74891.1,-74891.1,5.60868e+09,0,15221.5,-104929,-74891.1,-76570,13994.9,2.23898,0.743121,0.512475,1.14742,0.852671
od0,137,0.090909,0.090909,0.454545,6,220.247,1,6,192.409,0.964274,0.964274,7.98683e-11,3202.36,3055.9,1700.85,1700.85,2.8929e+06,0,925.037,1959.46,-67334.5,-67334.5,4.53393e+09,0,-30717.7,-79540,-67334.5,-66076.5,-29502.8,0.531125,-39.5887,-0.0330079,-0.0175313,0.694042
od0,137,0.090909,0.090909,0.454545,7,255.249,1,8,237.252,0.999062,0.999062,3.1743e-09,34577.8,34670.2,36894.3,36894.3,1.36119e+09,6.3586e-08,38816.7,36253.6,38742.3,38742.3,1.50097e+09,0.00775992,33497.2,40490.7,38742.3,38827.2,33457.1,1.06699,1.05009,-0.265362,-0.28314,-0.297321
od0,137,0.090909,0.090909,0.454545,8,256.126,1,7,236.289,0.80414,0.80414,4.14213e-08,-134912,-134666,-70513.8,-70513.8,4.9722e+09,6.3586e-08,-62684.4,-73123.6,-46263.4,-46263.4,2.14031e+09,0.00775992,-46322.8,-46243.7,-46263.5,-47661.4,-46920.7,0.522664,0.656091,1.02828,0.537447,0.352614
od0,137,0.090909,0.090909,0.454545,9,271.019,1,9,250.251,0.806734,0.806734,2.69338e-08,-105982,-105654,-208666,-208666,4.35416e+10,0,-139714,-231651,-180827,-180827,3.26985e+10,0,-128542,-198256,-180827,-181061,-129488,1.96888,0.866586,0.721448,1.42044,1.23093
od0,137,0.090909,0.090909,0.454545,10,339.623,1,10,331.668,0.999568,0.999568,3.08128e-09,-75037.1,-75237.3,-75894.3,-75894.3,5.75995e+09,0,-70475.9,-77700.5,-62977.9,-62977.9,3.96622e+09,0,-52221.7,-66563.4,-62977.9,-63093.7,-52547.8,1.01142,0.829811,0.325277,0.328993,0.273002
od0,137,0.090909,0.090909,0.454545,11,345.183,1,11,336.446,0.999243,0.999243,1.58594e-09,52500.5,52571.1,50427,50427,2.54288e+09,0,42777,52977,6221.22,6221.22,3.87036e+07,0,10575.9,4769.67,6221.22,6306.59,10908.7,0.960504,0.123371,-0.22031,-0.211609,-0.0261064
od0,137,0.090909,0.090909,0.454545,12,522.354,1,12,507.867,0.999968,0.999968,1.40133e-08,-669966,-669935,-670324,-670324,4.49335e+11,2.77229e-08,-591301,-696665,-637728,-637728,4.06697e+11,0.0210791,-581134,-656592,-637728,-637867,-581146,1.00054,0.951372,1.2277,1.22836,1.16863
od0,137,0.090909,0.090909,0.454545,13,522.967,1,14,521.532,0.707466,0.707466,5.11832e-11,-51501.5,-44019,-42889.8,-42889.8,1.83953e+09,131613,16997.8,-62852.3,-18462.7,-18462.7,3.40873e+08,145160,32414,-35421.6,-18462.7,23388.6,-43378.8,0.832786,0.43047,0.0941547,0.0784107,0.0337534
od0,137,0.090909,0.090909,0.454545,14,527.635,1,13,512.256,0.707419,0.707419,3.41633e-09,347528,340205,338586,338586,1.14641e+11,131613,371227,327706,397211,397211,1.57777e+11,145160,413219,391875,397211,355358,489554,0.974269,1.17315,-0.624157,-0.608097,-0.713387
od0,137,0.090909,0.090909,0.454545,15,768.209,1,15,763.322,0.999952,0.999952,1.13066e-12,-17589.2,-17513.4,-17263,-17263,2.98012e+08,0,3049.68,-24033.9,-14870.6,-14870.6,2.21136e+08,0,4730.64,-21404.4,-14870.6,-14732.9,4677.92,0.981455,0.861415,0.0149025,0.0146261,0.0125991
od0,138,0.090909,0.090909,0.545455,1,114.174,1,1,96.2116,0.702397,0.702397,1.07456e-06,-67077.5,-66966,-71436.9,-71436.9,5.10323e+09,1.42698e-08,-70032.1,-71905.2,-55234.9,-55234.9,3.0509e+09,6.8646e-05,-55061.7,-55292.7,-55234.9,-55277.8,-55046.9,1.06499,0.773199,2.57283,2.74004,2.11859
od0,138,0.090909,0.090909,0.545455,2,116.698,1,2,102.359,0.991186,0.991186,1.01044e-06,72431.7,72442.5,75654.2,75654.2,5.72356e+09,1.42698e-08,76216.2,75466.9,60822,60822,3.69932e+09,6.8646e-05,61714.6,60524.5,60822,60774.2,61527.2,1.04449,0.803947,-2.65932,-2.77763,-2.23307
od0,138,0.090909,0.090909,0.545455,3,139.455,1,3,106.74,0.677549,0.677549,4.93739e-07,-67126.4,-67701.4,-22118.7,-22118.7,4.89238e+08,0,-13011,-25154.6,49675.9,49675.9,2.4677e+09,0,-172.496,66292.1,49675.9,50072.6,-22.1605,0.329508,-2.24588,1.72582,0.568671,-1.27717
od0,138,0.090909,0.090909,0.545455,4,197.709,1,5,168.929,0.790714,0.790714,9.5543e-08,-103166,-103025,-50505.5,-50505.5,2.55081e+09,0,-47346.3,-51558.6,-17223.3,-17223.3,2.96641e+08,0,-21504.5,-15796.2,-17223.3,-15527,-20372,0.489554,0.341018,1.31963,0.646032,0.220308
od0,138,0.090909,0.090909,0.545455,5,209.561,1,4,154.233,0.782963,0.782963,1.60141e-08,-45011.3,-45357.9,-100779,-100779,1.01564e+10,0,599.564,-134572,-74891.1,-74891.1,5.60868e+09,0,15221.5,-104929,-74891.1,-76570,13994.9,2.23898,0.743121,0.512475,1.14742,0.852671
od0,138,0.090909,0.090909,0.545455,6,220.247,1,6,192.409,0.964274,0.964274,7.98683e-11,3202.36,3055.9,1700.85,1700.85,2.8929e+06,0,925.037,1959.46,-67334.4,-67334.4,4.53393e+09,0,-30717.7,-79540,-67334.4,-66076.5,-29502.8,0.531125,-39.5887,-0.0330079,-0.0175313,0.694042
od0,138,0.090909,0.090909,0.545455,7,255.249,1,8,237.252,0.999062,0.999062,3.1743e-09,34577.8,34670.2,36894.3,36894.3,1.36119e+09,2.33731e-08,38816.7,36253.6,38742.3,38742.3,1.50097e+09,0.00775986,33497.2,40490.7,38742.3,38827.2,33457.1,1.06699,1.05009,-0.265362,-0.28314,-0.297321
od0,138,0.090909,0.090909,0.545455,8,256.126,1,7,236.289,0.80414,0.80414,4.14213e-08,-134912,-134666,-70513.8,-70513.8,4.9722e+09,2.33731e-08,-62684.4,-73123.6,-46263.4,-46263.4,2.1403e+09,0.00775986,-46322.8,-46243.6,-46263.4,-47661.4,-46920.7,0.522664,0.65609,1.02828,0.537447,0.352613
od0,138,0.090909,0.090909,0.545455,9,271.019,1,9,250.251,0.806734,0.806734,2.69338e-08,-105982,-105654,-208666,-208666,4.35416e+10,0,-139714,-231651,-180827,-180827,3.26985e+10,0,-128542,-198256,-180827,-181061,-129488,1.96888,0.866586,0.721448,1.42044,1.23093
od0,138,0.090909,0.090909,0.545455,10,339.623,1,10,331.668,0.999568,0.999568,3.08128e-09,-75037.1,-75237.3,-75894.3,-75894.3,5.75995e+09,0,-70475.9,-77700.5,-62977.9,-62977.9,3.96622e+09,0,-52221.7,-66563.3,-62977.9,-63093.7,-52547.8,1.01142,0.829811,0.325277,0.328993,0.273002
od0,138,0.090909,0.090909,0.545455,11,345.183,1,11,336.446,0.999243,0.999243,1.58594e-09,52500.5,52571.1,50427,50427,2.54288e+09,0,42777,52977,6221.22,6221.22,3.87036e+07,0,10575.9,4769.67,6221.22,6306.59,10908.7,0.960504,0.123371,-0.22031,-0.211609,-0.0261064
od0,138,0.090909,0.090909,0.545455,12,522.354,1,12,507.867,0.999968,0.999968,1.40133e-08,-669966,-669935,-670324,-670324,4.49335e+11,1.57683e-07,-591301,-696665,-637728,-637728,4.06697e+11,0.0210793,-581134,-656592,-637728,-637867,-581146,1.00054,0.951372,1.2277,1.22836,1.16863
od0,138,0.090909,0.090909,0.545455,13,522.967,1,14,521.532,0.707467,0.707467,5.11832e-11,-51501.5,-44019,-42889.8,-42889.8,1.83953e+09,131613,16997.7,-62852.3,-18462.8,-18462.8,3.40874e+08,145160,32413.9,-35421.7,-18462.8,23388.6,-43378.8,0.832786,0.43047,0.0941547,0.0784107,0.0337535
od0,138,0.090909,0.090909,0.545455,14,527.635,1,13,512.256,0.707419,0.707419,3.41633e-09,347528,340205,338586,338586,1.14641e+11,131613,371227,327706,397211,397211,1.57777e+11,145160,413219,391875,397211,355358,489554,0.974269,1.17315,-0.624157,-0.608097,-0.713387
od0,138,0.090909,0.090909,0.545455,15,768.209,1,15,763.322,0.999952,0.999952,1.13066e-12,-17589.2,-17513.4,-17263,-17263,2.98012e+08,0,3049.68,-24033.9,-14870.6,-14870.6,2.21136e+08,0,4730.64,-21404.4,-14870.6,-14732.9,4677.92,0.981455,0.861415,0.0149025,0.0146261,0.0125991
od0,1326,0.909091,0.909091,0.545455,1,114.174,1,1,96.2116,0.702397,0.702397,1.07456e-06,-67077.5,-66966,-71436.9,-71436.9,5.10323e+09,1.56492e-09,-70032.1,-71905.2,-55234.9,-55234.9,3.0509e+09,6.86566e-05,-55061.7,-55292.7,-55234.9,-55277.8,-55046.9,1.06499,0.773199,2.57283,2.74004,2.11859
od0,1326,0.909091,0.909091,0.545455,2,116.698,1,2,102.359,0.991186,0.991186,1.01044e-06,72431.7,72442.5,75654.2,75654.2,5.72356e+09,1.56492e-09,76216.2,75466.9,60822,60822,3.69932e+09,6.86566e-05,61714.6,60524.5,60822,60774.2,61527.2,1.04449,0.803947,-2.65932,-2.77763,-2.23307
od0,1326,0.909091,0.909091,0.545455,3,139.455,1,3,106.74,0.677549,0.677549,4.93739e-07,-67126.4,-67701.4,-22118.7,-22118.7,4.89238e+08,0,-13011,-25154.6,49675.9,49675.9,2.4677e+09,0,-172.495,66292.1,49675.9,50072.6,-22.1599,0.329508,-2.24588,1.72582,0.568671,-1.27717
od0,1326,0.909091,0.909091,0.545455,4,197.709,1,5,168.929,0.790714,0.790714,9.5543e-08,-103166,-103025,-50505.5,-50505.5,2.55081e+09,0,-47346.3,-51558.6,-17223.3,-17223.3,2.96641e+08,0,-21504.5,-15796.2,-17223.3,-15527,-20372,0.489554,0.341018,1.31963,0.646032,0.220308
od0,1326,0.909091,0.909091,0.545455,5,209.561,1,4,154.233,0.782963,0.782963,1.60141e-08,-45011.3,-45357.9,-100779,-100779,1.01564e+10,0,599.564,-134572,-74891.1,-74891.1,5.60868e+09,0,15221.5,-104929,-74891.1,-76570,13994.9,2.23898,0.743121,0.512475,1.14742,0.852671
od0,1326,0.909091,0.909091,0.545455,6,220.247,1,6,192.409,0.964274,0.964274,7.98683e-11,3202.36,3055.9,1700.85,1700.85,2.8929e+06,0,925.037,1959.46,-67334.5,-67334.5,4.53393e+09,0,-30717.7,-79540,-67334.5,-66076.5,-29502.8,0.531125,-39.5887,-0.0330079,-0.0175313,0.694042
od0,1326,0.909091,0.909091,0.545455,7,255.249,1,8,237.252,0.999062,0.999062,3.1743e-09,34577.8,34670.2,36894.3,36894.3,1.36119e+09,4.39099e-08,38816.7,36253.6,38742.3,38742.3,1.50097e+09,0.0077599,33497.2,40490.7,38742.3,38827.2,33457.1,1.06699,1.05009,-0.265362,-0.28314,-0.297321
od0,1326,0.909091,0.909091,0.545455,8,256.126,1,7,236.289,0.80414,0.80414,4.14213e-08,-134912,-134666,-70513.8,-70513.8,4.9722e+09,4.39099e-08,-62684.4,-73123.6,-46263.4,-46263.4,2.14031e+09,0.0077599,-46322.8,-46243.7,-46263.5,-47661.4,-46920.7,0.522664,0.656091,1.02828,0.537447,0.352614
od0,1326,0.909091,0.909091,0.545455,9,271.019,1,9,250.251,0.806734,0.806734,2.69338e-08,-105982,-105654,-208666,-208666,4.35416e+10,0,-139714,-231651,-180827,-180827,3.26985e+10,0,-128542,-198256,-180827,-181061,-129488,1.96888,0.866586,0.721448,1.42044,1.23093
od0,1326,0.909091,0.909091,0.545455,10,339.623,1,10,331.668,0.999568,0.999568,3.08128e-09,-75037.1,-75237.3,-75894.3,-75894.3,5.75995e+09,0,-70475.9,-77700.5,-62977.9,-62977.9,3.96622e+09,0,-52221.7,-66563.4,-62977.9,-63093.7,-52547.8,1.01142,0.829811,0.325277,0.328993,0.273002
od0,1326,0.909091,0.909091,0.545455,11,345.183,1,11,336.446,0.999243,0.999243,1.58594e-09,52500.5,52571.1,50427,50427,2.54288e+09,0,42777,52977,6221.22,6221.22,3.87036e+07,0,10575.9,4769.67,6221.22,6306.59,10908.7,0.960504,0.123371,-0.22031,-0.211609,-0.0261064
od0,1326,0.909091,0.909091,0.545455,12,522.354,1,12,507.867,0.999968,0.999968,1.40133e-08,-669966,-669935,-670324,-670324,4.49335e+11,2.42106e-08,-591301,-696665,-637728,-637728,4.06697e+11,0.0210791,-581134,-656592,-637728,-637867,-581146,1.00054,0.951372,1.2277,1.22836,1.16863
od0,1326,0.909091,0.909091,0.545455,13,522.967,1,14,521.532,0.707466,0.707466,5.11832e-11,-51501.5,-44019,-42889.8,-42889.8,1.83953e+09,131613,16997.8,-62852.3,-18462.7,-18462.7,3.40873e+08,145160,32414,-35421.6,-18462.7,23388.6,-43378.8,0.832786,0.43047,0.0941547,0.0784107,0.0337534
od0,1326,0.909091,0.909091,0.545455,14,527.635,1,13,512.256,0.707419,0.707419,3.41633e-09,347528,340205,338586,338586,1.14641e+11,131613,371227,327706,397211,397211,1.57777e+11,145160,413219,391875,397211,355358,489554,0.974269,1.17315,-0.624157,-0.608097,-0.713387
od0,1326,0.909091,0.909091,0.545455,15,768.209,1,15,763.322,0.999952,0.999952,1.13066e-12,-17589.2,-17513.4,-17263,-17263,2.98012e+08,0,3049.68,-24033.9,-14870.6,-14870.6,2.21136e+08,0,4730.64,-21404.4,-14870.6,-14732.9,4677.92,0.981455,0.861415,0.0149025,0.0146261,0.0125991
od0,1227,0.909091,0.090909,0.545455,1,114.174,1,1,96.2116,0.702397,0.702397,1.06835e-06,66907.9,66772,70958.9,70958.9,5.03517e+09,0.0019409,70320.5,71171.7,54498.2,54498.2,2.97005e+09,0.00160436,55456.9,54178.6,54498.2,54542.7,55438.8,1.06055,0.768024,-2.56632,-2.7217,-2.09033
od0,1227,0.909091,0.090909,0.545455,2,116.698,1,2,102.359,0.991186,0.991186,9.94983e-07,-71908.1,-71886.4,-75031.7,-75031.7,5.62976e+09,0.0019409,-75796.1,-74776.9,-60473.5,-60473.5,3.65704e+09,0.00160436,-61211,-60227.6,-60473.5,-60400.5,-61000.4,1.04344,0.805972,2.64009,2.75478,2.22027
od0,1227,0.909091,0.090909,0.545455,3,139.455,1,3,106.74,0.677549,0.677549,5.02419e-07,67681.9,68293.9,22658.2,22658.2,5.13393e+08,0,13876.2,25585.5,-45203.8,-45203.8,2.04338e+09,0,2606.47,-61140.5,-45203.8,-45608,2458.57,0.334775,-1.99503,-1.7401,-0.582541,1.16219
od0,1227,0.909091,0.090909,0.545455,4,197.709,1,5,168.929,0.790714,0.790714,1.04972e-07,107833,107989,53883.8,53883.8,2.90346e+09,0,47265.9,56089.7,23294.8,23294.8,5.42649e+08,0,23300.6,23292.9,23294.8,20901.5,21649.8,0.499695,0.432316,-1.37933,-0.689245,-0.297972
od0,1227,0.909091,0.090909,0.545455,5,209.561,1,4,154.233,0.782963,0.782963,1.28981e-08,40808.1,40706.6,97746.7,97746.7,9.55442e+09,0,-1195.04,130727,72071.8,72071.8,5.19435e+09,0,-15187.3,101158,72071.8,74282.5,-13595.8,2.39527,0.737333,-0.46462,-1.11289,-0.820572
od0,1227,0.909091,0.090909,0.545455,6,220.247,1,6,192.409,0.964274,0.964274,5.61413e-12,-825.974,-810.201,1003.07,1003.07,1.00615e+06,0,1406.42,868.622,71761.9,71761.9,5.14977e+09,0,34200.3,84282.4,71761.9,69769.8,32386.3,-1.21441,71.5421,0.00851363,-0.0103391,-0.739677
od0,1227,0.909091,0.090909,0.545455,7,255.249,1,8,237.252,0.999062,0.999062,2.94422e-09,-33337.4,-33390.1,-35655.3,-35655.3,1.2713e+09,0.0456196,-40288.7,-34110.9,-34981,-34981,1.22367e+09,0.0412381,-31390.7,-36177.8,-34981,-35036.4,-31306.1,1.06953,0.981088,0.255842,0.273631,0.268456
od0,1227,0.909091,0.090909,0.545455,8,256.126,1,7,236.289,0.80414,0.80414,4.18287e-08,135725,135327,73016.9,73016.9,5.33147e+09,0.0456196,62508.5,76519.7,49938.7,49938.7,2.49388e+09,0.0412381,47720.1,50678.2,49938.7,51262.1,48128.6,0.537976,0.683934,-1.03448,-0.556525,-0.380626
od0,1227,0.909091,0.090909,0.545455,9,271.019,1,9,250.251,0.806734,0.806734,2.76174e-08,107210,106986,208212,208212,4.33523e+10,0,138416,231477,180481,180481,3.25735e+10,0,127589,198112,180481,181307,129189,1.9421,0.866814,-0.729804,-1.41735,-1.22858
od0,1227,0.909091,0.090909,0.545455,10,339.623,1,10,331.668,0.999568,0.999568,3.15215e-09,75914,76097.7,76785.3,76785.3,5.89599e+09,0,69173.7,79322.6,64067.9,64067.9,4.10469e+09,0,51584.9,68228.8,64067.9,64177.4,51867.3,1.01148,0.834376,-0.329078,-0.332855,-0.277726
od0,1227,0.909091,0.090909,0.545455,11,345.183,1,11,336.446,0.999243,0.999243,1.40051e-09,-49278.3,-49402.1,-47194.3,-47194.3,2.2273e+09,0,-43818.5,-48319.6,-2716.65,-2716.65,7.38018e+06,0,-10406.3,-153.43,-2716.65,-2842.79,-10794.6,0.95771,0.0575631,0.206788,0.198043,0.0114
od0,1227,0.909091,0.090909,0.545455,12,522.354,1,12,507.867,0.999968,0.999968,1.41492e-08,673073,673175,673442,673442,4.53524e+11,0.33557,591463,700768,636228,636228,4.04786e+11,0.340827,573895,657006,636228,636519,574048,1.00055,0.944741,-1.2334,-1.23407,-1.16588
od0,1227,0.909091,0.090909,0.545455,13,522.967,1,14,521.532,0.707466,0.707466,5.31534e-11,50958.2,44858.2,43587.2,43587.2,1.89985e+09,129395,-16321.5,63556.8,21393.9,21393.9,4.57698e+08,145840,-30803.9,38793.1,21393.9,-27997.4,45765,0.855352,0.490829,-0.0931614,-0.0796858,-0.0391121
od0,1227,0.909091,0.090909,0.545455,14,527.635,1,13,512.256,0.707419,0.707419,3.34985e-09,-342986,-336879,-335253,-335253,1.12395e+11,129395,-370862,-323383,-396853,-396853,1.57493e+11,145840,-418272,-389714,-396853,-347257,-495195,0.977454,1.18374,0.615999,0.60211,0.712744
od0,1227,0.909091,0.090909,0.545455,15,768.209,1,15,763.322,0.999952,0.999952,1.95468e-12,23086.7,23027.3,22703.3,22703.3,5.15441e+08,0,-2716.11,31176.5,25299.1,25299.1,6.40045e+08,0,-3953.81,35050.1,25299.1,25186.6,-3911.08,0.983394,1.11433,-0.0195602,-0.0192354,-0.0214347
od0,1226,0.909091,0.090909,0.454545,1,114.174,1,1,96.2116,0.702397,0.702397,1.06835e-06,66907.9,66772,70958.9,70958.9,5.03517e+09,0.00194091,70320.5,71171.7,54498.2,54498.2,2.97005e+09,0.00160436,55456.9,54178.6,54498.2,54542.7,55438.8,1.06055,0.768024,-2.56632,-2.7217,-2.09033
od0,1226,0.909091,0.090909,0.454545,2,116.698,1,2,102.359,0.991186,0.991186,9.94983e-07,-71908.1,-71886.4,-75031.7,-75031.7,5.62976e+09,0.00194091,-75796.1,-74776.9,-60473.5,-60473.5,3.65704e+09,0.00160436,-61211,-60227.6,-60473.5,-60400.5,-61000.4,1.04344,0.805972,2.64009,2.75478,2.22027
od0,1226,0.909091,0.090909,0.454545,3,139.455,1,3,106.74,0.677549,0.677549,5.02419e-07,67681.9,68293.9,22658.2,22658.2,5.13393e+08,0,13876.2,25585.5,-45203.8,-45203.8,2.04338e+09,0,2606.47,-61140.5,-45203.8,-45608,2458.57,0.334775,-1.99503,-1.7401,-0.582541,1.16219
od0,1226,0.909091,0.090909,0.454545,4,197.709,1,5,168.929,0.790714,0.790714,1.04972e-07,107833,107989,53883.8,53883.8,2.90346e+09,0,47265.9,56089.7,23294.8,23294.8,5.42649e+08,0,23300.6,23292.9,23294.8,20901.5,21649.8,0.499695,0.432316,-1.37933,-0.689245,-0.297972
od0,1226,0.909091,0.090909,0.454545,5,209.561,1,4,154.233,0.782963,0.782963,1.28981e-08,40808.1,40706.6,97746.7,97746.7,9.55442e+09,0,-1195.04,130727,72071.8,72071.8,5.19435e+09,0,-15187.3,101158,72071.8,74282.5,-13595.8,2.39527,0.737333,-0.46462,-1.11289,-0.820572
od0,1226,0.909091,0.090909,0.454545,6,220.247,1,6,192.409,0.964274,0.964274,5.61413e-12,-825.974,-810.201,1003.07,1003.07,1.00615e+06,0,1406.42,868.622,71761.9,71761.9,5.14977e+09,0,34200.3,84282.4,71761.9,69769.8,32386.3,-1.21441,71.5421,0.00851363,-0.0103391,-0.739677
od0,1226,0.909091,0.090909,0.454545,7,255.249,1,8,237.252,0.999062,0.999062,2.94422e-09,-33337.4,-33390.1,-35655.3,-35655.3,1.2713e+09,0.0456196,-40288.7,-34110.9,-34981,-34981,1.22367e+09,0.0412381,-31390.7,-36177.8,-34981,-35036.4,-31306.1,1.06953,0.981088,0.255842,0.273631,0.268456
od0,1226,0.909091,0.090909,0.454545,8,256.126,1,7,236.289,0.80414,0.80414,4.18287e-08,135725,135327,73016.9,73016.9,5.33147e+09,0.0456196,62508.5,76519.7,49938.7,49938.7,2.49387e+09,0.0412381,47720.1,50678.2,49938.7,51262,48128.6,0.537976,0.683933,-1.03448,-0.556525,-0.380626
od0,1226,0.909091,0.090909,0.454545,9,271.019,1,9,250.251,0.806734,0.806734,2.76174e-08,107210,106986,208212,208212,4.33523e+10,0,138416,231477,180481,180481,3.25735e+10,0,127589,198112,180481,181307,129189,1.9421,0.866815,-0.729804,-1.41735,-1.22858
od0,1226,0.909091,0.090909,0.454545,10,339.623,1,10,331.668,0.999568,0.999568,3.15215e-09,75914,76097.7,76785.3,76785.3,5.89599e+09,0,69173.7,79322.6,64067.8,64067.8,4.10469e+09,0,51584.9,68228.8,64067.8,64177.4,51867.3,1.01148,0.834376,-0.329078,-0.332855,-0.277726
od0,1226,0.909091,0.090909,0.454545,11,345.183,1,11,336.446,0.999243,0.999243,1.40051e-09,-49278.3,-49402.1,-47194.3,-47194.3,2.2273e+09,0,-43818.5,-48319.6,-2716.65,-2716.65,7.38018e+06,0,-10406.3,-153.431,-2716.65,-2842.79,-10794.6,0.95771,0.0575631,0.206788,0.198043,0.0114
od0,1226,0.909091,0.090909,0.454545,12,522.354,1,12,507.867,0.999968,0.999968,1.41492e-08,673073,673175,673442,673442,4.53524e+11,0.33557,591463,700768,636228,636228,4.04786e+11,0.340827,573895,657006,636228,636519,574048,1.00055,0.944741,-1.2334,-1.23407,-1.16588
od0,1226,0.909091,0.090909,0.454545,13,522.967,1,14,521.532,0.707466,0.707466,5.31534e-11,50958.2,44858.2,43587.2,43587.2,1.89985e+09,129395,-16321.5,63556.8,21393.9,21393.9,4.57698e+08,145840,-30803.9,38793.2,21393.9,-27997.4,45765,0.855352,0.490829,-0.0931614,-0.0796858,-0.0391121
od0,1226,0.909091,0.090909,0.454545,14,527.635,1,13,512.256,0.707419,0.707419,3.34985e-09,-342986,-336879,-335253,-335253,1.12395e+11,129395,-370862,-323383,-396853,-396853,1.57493e+11,145840,-418272,-389714,-396853,-347257,-495195,0.977454,1.18374,0.615999,0.60211,0.712744
od0,1226,0.909091,0.090909,0.454545,15,768.209,1,15,763.322,0.999952,0.999952,1.95468e-12,23086.7,23027.3,22703.3,22703.3,5.15441e+08,0,-2716.11,31176.5,25299.1,25299.1,6.40045e+08,0,-3953.81,35050.1,25299.1,25186.6,-3911.09,0.983394,1.11433,-0.0195602,-0.0192354,-0.0214347
od0,236,0.090909,0.909091,0.454545,1,114.174,1,1,96.2116,0.702397,0.702397,1.06835e-06,66907.9,66772,70958.9,70958.9,5.03517e+09,0.00194092,70320.5,71171.7,54498.2,54498.2,2.97005e+09,0.00160437,55456.9,54178.6,54498.2,54542.7,55438.8,1.06055,0.768024,-2.56632,-2.7217,-2.09033
od0,236,0.090909,0.909091,0.454545,2,116.698,1,2,102.359,0.991186,0.991186,9.94983e-07,-71908.1,-71886.4,-75031.7,-75031.7,5.62976e+09,0.00194092,-75796.1,-74776.9,-60473.5,-60473.5,3.65704e+09,0.00160437,-61211,-60227.6,-60473.5,-60400.5,-61000.4,1.04344,0.805972,2.64009,2.75478,2.22027
od0,236,0.090909,0.909091,0.454545,3,139.455,1,3,106.74,0.677549,0.677549,5.02419e-07,67681.9,68293.9,22658.2,22658.2,5.13393e+08,0,13876.2,25585.5,-45203.8,-45203.8,2.04338e+09,0,2606.47,-61140.5,-45203.8,-45608,2458.57,0.334775,-1.99503,-1.7401,-0.582541,1.16219
od0,236,0.090909,0.909091,0.454545,4,197.709,1,5,168.929,0.790714,0.790714,1.04972e-07,107833,107989,53883.8,53883.8,2.90346e+09,0,47265.9,56089.7,23294.8,23294.8,5.42649e+08,0,23300.6,23292.9,23294.8,20901.5,21649.8,0.499695,0.432316,-1.37933,-0.689245,-0.297972
od0,236,0.090909,0.909091,0.454545,5,209.561,1,4,154.233,0.782963,0.782963,1.28981e-08,40808.1,40706.6,97746.7,97746.7,9.55442e+09,0,-1195.04,130727,72071.8,72071.8,5.19435e+09,0,-15187.3,101158,72071.8,74282.5,-13595.8,2.39527,0.737333,-0.46462,-1.11289,-0.820572
od0,236,0.090909,0.909091,0.454545,6,220.247,1,6,192.409,0.964274,0.964274,5.61413e-12,-825.974,-810.201,1003.07,1003.07,1.00615e+06,0,1406.42,868.622,71761.9,71761.9,5.14977e+09,0,34200.3,84282.4,71761.9,69769.8,32386.3,-1.21441,71.5421,0.00851363,-0.0103391,-0.739677
od0,236,0.090909,0.909091,0.454545,7,255.249,1,8,237.252,0.999062,0.999062,2.94422e-09,-33337.4,-33390.1,-35655.3,-35655.3,1.2713e+09,0.0456196,-40288.7,-34110.9,-34981,-34981,1.22367e+09,0.0412381,-31390.7,-36177.8,-34981,-35036.4,-31306.1,1.06953,0.981088,0.255842,0.273631,0.268456
od0,236,0.090909,0.909091,0.454545,8,256.126,1,7,236.289,0.80414,0.80414,4.18287e-08,135725,135327,73016.9,73016.9,5.33147e+09,0.0456196,62508.5,76519.7,49938.7,49938.7,2.49388e+09,0.0412381,47720.1,50678.2,49938.7,51262.1,48128.6,0.537976,0.683934,-1.03448,-0.556525,-0.380626
od0,236,0.090909,0.909091,0.454545,9,271.019,1,9,250.251,0.806734,0.806734,2.76174e-08,107210,106986,208212,208212,4.33523e+10,0,138416,231477,180481,180481,3.25735e+10,0,127589,198112,180481,181307,129189,1.9421,0.866814,-0.729804,-1.41735,-1.22858
od0,236,0.090909,0.909091,0.454545,10,339.623,1,10,331.668,0.999568,0.999568,3.15215e-09,75914,76097.7,76785.3,76785.3,5.89599e+09,0,69173.7,79322.6,64067.9,64067.9,4.10469e+09,0,51584.9,68228.8,64067.9,64177.4,51867.3,1.01148,0.834376,-0.329078,-0.332855,-0.277726
od0,236,0.090909,0.909091,0.454545,11,345.183,1,11,336.446,0.999243,0.999243,1.40051e-09,-49278.3,-49402.1,-47194.3,-47194.3,2.2273e+09,0,-43818.5,-48319.6,-2716.65,-2716.65,7.38018e+06,0,-10406.3,-153.43,-2716.65,-2842.79,-10794.6,0.95771,0.0575631,0.206788,0.198043,0.0114
od0,236,0.090909,0.909091,0.454545,12,522.354,1,12,507.867,0.999968,0.999968,1.41492e-08,673073,673175,673442,673442,4.53524e+11,0.33557,591463,700768,636228,636228,4.04786e+11,0.340827,573895,657006,636228,636519,574048,1.00055,0.944741,-1.2334,-1.23407,-1.16588
od0,236,0.090909,0.909091,0.454545,13,522.967,1,14,521.532,0.707466,0.707466,5.31534e-11,50958.2,44858.2,43587.2,43587.2,1.89985e+09,129395,-16321.5,63556.8,21393.9,21393.9,4.57698e+08,145840,-30803.9,38793.1,21393.9,-27997.4,45765,0.855352,0.490829,-0.0931614,-0.0796858,-0.0391121
od0,236,0.090909,0.909091,0.454545,14,527.635,1,13,512.256,0.707419,0.707419,3.34985e-09,-342986,-336879,-335253,-335253,1.12395e+11,129395,-370862,-323383,-396853,-396853,1.57493e+11,145840,-418272,-389714,-396853,-347257,-495195,0.977454,1.18374,0.615999,0.60211,0.712744
od0,236,0.090909,0.909091,0.454545,15,768.209,1,15,763.322,0.999952,0.999952,1.95468e-12,23086.7,23027.3,22703.3,22703.3,5.15441e+08,0,-2716.11,31176.5,25299.1,25299.1,6.40045e+08,0,-3953.81,35050.1,25299.1,25186.6,-3911.08,0.983394,1.11433,-0.0195602,-0.0192354,-0.0214347
od0,237,0.090909,0.909091,0.545455,1,114.174,1,1,96.2116,0.702397,0.702397,1.06835e-06,66907.9,66772,70958.9,70958.9,5.03517e+09,0.00194093,70320.5,71171.7,54498.2,54498.2,2.97005e+09,0.00160438,55456.9,54178.6,54498.2,54542.7,55438.8,1.06055,0.768024,-2.56632,-2.7217,-2.09033
od0,237,0.090909,0.909091,0.545455,2,116.698,1,2,102.359,0.991186,0.991186,9.94983e-07,-71908.1,-71886.4,-75031.7,-75031.7,5.62976e+09,0.00194093,-75796.1,-74776.9,-60473.5,-60473.5,3.65704e+09,0.00160438,-61211,-60227.6,-60473.5,-60400.5,-61000.4,1.04344,0.805972,2.64009,2.75478,2.22027
od0,237,0.090909,0.909091,0.545455,3,139.455,1,3,106.74,0.677549,0.677549,5.02419e-07,67681.9,68293.9,22658.2,22658.2,5.13393e+08,0,13876.2,25585.5,-45203.8,-45203.8,2.04338e+09,0,2606.47,-61140.5,-45203.8,-45608,2458.57,0.334775,-1.99503,-1.7401,-0.582541,1.16219
od0,237,0.090909,0.909091,0.545455,4,197.709,1,5,168.929,0.790714,0.790714,1.04972e-07,107833,107989,53883.8,53883.8,2.90346e+09,0,47265.9,56089.7,23294.8,23294.8,5.42649e+08,0,23300.6,23292.9,23294.8,20901.5,21649.8,0.499695,0.432316,-1.37933,-0.689245,-0.297972
od0,237,0.090909,0.909091,0.545455,5,209.561,1,4,154.233,0.782963,0.782963,1.28981e-08,40808.1,40706.6,97746.7,97746.7,9.55442e+09,0,-1195.04,130727,72071.8,72071.8,5.19435e+09,0,-15187.3,101158,72071.8,74282.5,-13595.8,2.39527,0.737333,-0.46462,-1.11289,-0.820572
od0,237,0.090909,0.909091,0.545455,6,220.247,1,6,192.409,0.964274,0.964274,5.61413e-12,-825.974,-810.201,1003.07,1003.07,1.00615e+06,0,1406.42,868.622,71761.9,71761.9,5.14977e+09,0,34200.3,84282.4,71761.9,69769.8,32386.3,-1.21441,71.5421,0.00851363,-0.0103391,-0.739677
od0,237,0.090909,0.909091,0.545455,7,255.249,1,8,237.252,0.999062,0.999062,2.94422e-09,-33337.4,-33390.1,-35655.3,-35655.3,1.2713e+09,0.0456196,-40288.7,-34110.9,-34981,-34981,1.22367e+09,0.0412381,-31390.7,-36177.8,-34981,-35036.4,-31306.1,1.06953,0.981088,0.255842,0.273631,0.268456
od0,237,0.090909,0.909091,0.545455,8,256.126,1,7,236.289,0.80414,0.80414,4.18287e-08,135725,135327,73016.9,73016.9,5.33147e+09,0.0456196,62508.5,76519.7,49938.7,49938.7,2.49387e+09,0.0412381,47720.1,50678.2,49938.7,51262,48128.6,0.537976,0.683933,-1.03448,-0.556525,-0.380626
od0,237,0.090909,0.909091,0.545455,9,271.019,1,9,250.251,0.806734,0.806734,2.76174e-08,107210,106986,208212,208212,4.33523e+10,0,138416,231477,180481,180481,3.25735e+10,0,127589,198112,180481,181307,129189,1.9421,0.866815,-0.729804,-1.41735,-1.22858
od0,237,0.090909,0.909091,0.545455,10,339.623,1,10,331.668,0.999568,0.999568,3.15215e-09,75914,76097.7,76785.3,76785.3,5.89599e+09,0,69173.7,79322.6,64067.8,64067.8,4.10469e+09,0,51584.9,68228.8,64067.8,64177.4,51867.3,1.01148,0.834376,-0.329078,-0.332855,-0.277726
od0,237,0.090909,0.909091,0.545455,11,345.183,1,11,336.446,0.999243,0.999243,1.40051e-09,-49278.3,-49402.1,-47194.3,-47194.3,2.2273e+09,0,-43818.5,-48319.6,-2716.65,-2716.65,7.38018e+06,0,-10406.3,-153.431,-2716.65,-2842.79,-10794.6,0.95771,0.0575631,0.206788,0.198043,0.0114
od0,237,0.090909,0.909091,0.545455,12,522.354,1,12,507.867,0.999968,0.999968,1.41492e-08,673073,673175,673442,673442,4.53524e+11,0.335571,591463,700768,636228,636228,4.04786e+11,0.340827,573895,657006,636228,636519,574048,1.00055,0.944741,-1.2334,-1.23407,-1.16588
od0,237,0.090909,0.909091,0.545455,13,522.967,1,14,521.532,0.707466,0.707466,5.31534e-11,50958.2,44858.2,43587.2,43587.2,1.89985e+09,129395,-16321.5,63556.8,21393.9,21393.9,4.57698e+08,145840,-30803.9,38793.2,21393.9,-27997.4,45765,0.855352,0.490829,-0.0931614,-0.0796858,-0.0391121
od0,237,0.090909,0.909091,0.545455,14,527.635,1,13,512.256,0.707419,0.707419,3.34985e-09,-342986,-336879,-335253,-335253,1.12395e+11,129395,-370862,-323383,-396853,-396853,1.57493e+11,145840,-418272,-389714,-396853,-347257,-495195,0.977454,1.18374,0.615999,0.60211,0.712744
od0,237,0.090909,0.909091,0.545455,15,768.209,1,15,763.322,0.999952,0.999952,1.95468e-12,23086.7,23027.3,22703.3,22703.3,5.15441e+08,0,-2716.11,31176.5,25299.1,25299.1,6.40045e+08,0,-3953.81,35050.1,25299.1,25186.6,-3911.09,0.983394,1.11433,-0.0195602,-0.0192354,-0.0214347
od0,1314,0.909091,0.818182,0.454545,1,114.582,1,1,98.037,0.727386,0.727386,5.23673e-07,-48293.8,-46009.8,-55924.3,-55924.3,3.12753e+09,31820.6,-54574.8,-56374.2,-45109.4,-45109.4,2.03486e+09,27117.3,-43922,-45505.2,-45109.4,-58431.3,-51735.6,1.158,0.806615,1.83921,2.12981,1.71793
od0,1314,0.909091,0.818182,0.454545,2,119.237,1,3,105.267,0.923483,0.923483,8.27404e-07,69973.7,68374.6,65632.8,65632.8,4.30766e+09,31820.6,66071.1,65486.7,56597.5,56597.5,3.20327e+09,27117.3,55604.4,56928.5,56597.5,69681.1,62972.2,0.937963,0.862335,-2.46084,-2.30818,-1.99042
od0,1314,0.909091,0.818182,0.454545,3,131.241,1,2,104.834,0.649937,0.649937,3.30922e-07,-47190.8,-49034.3,-2841.28,-2841.28,8.07285e+06,0,1951.88,-4438.99,68159.6,68159.6,4.64574e+09,0,1042.21,90532.1,68159.6,71346.1,3756.5,0.0602083,-23.9891,1.3699,0.0824795,-1.97861
od0,1314,0.909091,0.818182,0.454545,4,207.265,1,5,181.608,0.62195,0.62195,7.71532e-08,-80906,-82990,-31314.8,-31314.8,9.80618e+08,0,-29983.8,-31758.5,-9312.27,-9312.27,8.67184e+07,0,-8222.21,-9675.62,-9312.27,-31464.5,-17577.9,0.387052,0.297376,0.941669,0.364474,0.108386
od0,1314,0.909091,0.818182,0.454545,5,212.611,1,4,167.584,0.472805,0.472805,1.02085e-07,-125486,-121545,-111098,-111098,1.23428e+10,91798.7,-43683.9,-133569,-125677,-125677,1.57947e+10,95547,-46604.5,-152034,-125677,-84307.5,-42071.1,0.88534,1.13122,1.38802,1.22887,1.39012
od0,1314,0.909091,0.818182,0.454545,6,214.945,1,6,192.252,0.724025,0.724025,3.64881e-10,-7449.66,-7197.24,-87887.1,-87887.1,7.72415e+09,91798.7,-42085.9,-103154,-70782.9,-70782.9,5.01022e+09,95547,-32668.2,-83487.8,-70782.9,-92354.7,-29861,11.7975,0.805384,0.0806215,0.95113,0.766025
od0,1314,0.909091,0.818182,0.454545,7,254.098,1,7,235.052,0.831357,0.831357,7.84014e-10,-16905.9,-17530.2,-15692.1,-15692.1,2.46243e+08,0,-11514.8,-17084.6,5154.48,5154.48,2.65686e+07,0,1.0436,6872.29,5154.47,4354.95,-1297.8,0.928206,-0.328475,0.13092,0.12152,-0.0399164
od0,1314,0.909091,0.818182,0.454545,8,261.481,1,8,242.105,0.829863,0.829863,1.72602e-10,-7851.09,-8253.38,-14318.8,-14318.8,2.05028e+08,0,9194.85,-22156.7,-30457.1,-30457.1,9.27635e+08,0,5147.91,-42325.4,-30457.1,-30320.5,4479.43,1.8238,2.12707,0.0574142,0.104712,0.22273
od0,1314,0.909091,0.818182,0.454545,9,331.01,1,9,311.61,0.989607,0.989607,3.47883e-08,-224858,-224631,-225220,-225220,5.0724e+10,0,-149500,-250460,-157418,-157418,2.47803e+10,0,-124809,-168287,-157418,-156413,-122491,1.00161,0.698951,1.02612,1.02777,0.71836
od0,1314,0.909091,0.818182,0.454545,10,341.703,1,10,333.356,0.993504,0.993504,4.52287e-10,-28057.8,-28613.8,-35512,-35512,1.2611e+09,0,-33463.2,-36194.9,-56729.5,-56729.5,3.21824e+09,0,-42264,-61551.3,-56729.5,-57886.4,-43949.4,1.26567,1.59747,0.120151,0.152071,0.24293
od0,1314,0.909091,0.818182,0.454545,11,375.206,1,11,368.111,0.999131,0.999131,5.9426e-12,-4126.08,-3814.85,-4562.96,-4562.96,2.08206e+07,0,-8231.23,-3340.2,-24480.7,-24480.7,5.99305e+08,0,-19083.7,-26279.7,-24480.7,-24446.8,-19226.3,1.10588,5.3651,0.0146544,0.0162061,0.086947
od0,1314,0.909091,0.818182,0.454545,12,515.211,1,13,512.908,0.878779,0.878779,4.69972e-10,-123737,-123922,-108701,-108701,1.1816e+10,45849.7,-45367.9,-129812,-74810.3,-74810.3,5.59658e+09,40386.6,-26070.9,-91056.7,-74810.3,-51748.8,-11357.3,0.878485,0.688219,0.233077,0.204755,0.140916
od0,1314,0.909091,0.818182,0.454545,13,518.344,1,12,502.798,0.912945,0.912945,4.75954e-09,-399820,-374492,-399572,-399572,1.59658e+11,45849.7,-300704,-432528,-320992,-320992,1.03036e+11,40386.6,-256751,-342405,-320992,-324502,-218642,0.99938,0.803339,0.744043,0.743581,0.597348
od0,1314,0.909091,0.818182,0.454545,14,534.892,1,14,519.541,0.962178,0.962178,8.09345e-11,80141.3,55053.9,62201.8,62201.8,3.86907e+09,0,96970.4,50612.3,144571,144571,2.09007e+10,0,150479,142601,144571,125128,99098.9,0.776152,2.32422,-0.140054,-0.108703,-0.25265
od0,1314,0.909091,0.818182,0.454545,15,781.226,1,15,777.63,0.99994,0.99994,1.62414e-12,-22110.4,-22071.4,-21868.1,-21868.1,4.78216e+08,0,6823.77,-31432.1,-7521.56,-7521.56,5.65738e+07,0,16125.2,-15403.8,-7521.56,-7442.34,15905.6,0.989045,0.34395,0.0181139,0.0179155,0.00616204
od0,1315,0.909091,0.818182,0.545455,1,114.582,1,1,98.037,0.727386,0.727386,5.23673e-07,-48293.8,-46009.8,-55924.3,-55924.3,3.12753e+09,31820.6,-54574.8,-56374.2,-45109.4,-45109.4,2.03486e+09,27117.3,-43922,-45505.2,-45109.4,-58431.3,-51735.6,1.158,0.806615,1.83921,2.12981,1.71793
od0,1315,0.909091,0.818182,0.545455,2,119.237,1,3,105.267,0.923483,0.923483,8.27404e-07,69973.7,68374.6,65632.8,65632.8,4.30766e+09,31820.6,66071.1,65486.7,56597.5,56597.5,3.20327e+09,27117.3,55604.4,56928.5,56597.5,69681.1,62972.2,0.937963,0.862335,-2.46084,-2.30818,-1.99042
od0,1315,0.909091,0.818182,0.545455,3,131.241,1,2,104.834,0.649937,0.649937,3.30922e-07,-47190.8,-49034.3,-2841.28,-2841.28,8.07285e+06,0,1951.88,-4438.99,68159.6,68159.6,4.64574e+09,0,1042.21,90532.1,68159.6,71346.2,3756.5,0.0602083,-23.9891,1.3699,0.0824795,-1.97861
od0,1315,0.909091,0.818182,0.545455,4,207.265,1,5,181.608,0.62195,0.62195,7.71532e-08,-80906,-82990,-31314.8,-31314.8,9.80617e+08,0,-29983.8,-31758.5,-9312.29,-9312.29,8.67188e+07,0,-8222.21,-9675.65,-9312.29,-31464.5,-17577.9,0.387051,0.297377,0.941669,0.364474,0.108386
od0,1315,0.909091,0.818182,0.545455,5,212.611,1,4,167.584,0.472806,0.472806,1.02085e-07,-125486,-121545,-111098,-111098,1.23428e+10,91798.7,-43683.9,-133569,-125677,-125677,1.57947e+10,95547,-46604.5,-152034,-125677,-84307.5,-42071.1,0.88534,1.13123,1.38802,1.22887,1.39012
od0,1315,0.909091,0.818182,0.545455,6,214.945,1,6,192.252,0.724025,0.724025,3.64881e-10,-7449.66,-7197.24,-87887.2,-87887.2,7.72415e+09,91798.7,-42085.9,-103154,-70782.9,-70782.9,5.01022e+09,95547,-32668.2,-83487.8,-70782.9,-92354.7,-29861,11.7975,0.805384,0.0806215,0.95113,0.766025
od0,1315,0.909091,0.818182,0.545455,7,254.098,1,7,235.052,0.831357,0.831357,7.84014e-10,-16905.9,-17530.2,-15692.1,-15692.1,2.46243e+08,0,-11514.8,-17084.6,5154.35,5154.35,2.65673e+07,0,1.01183,6872.13,5154.36,4354.82,-1297.83,0.928206,-0.328467,0.13092,0.12152,-0.0399155
od0,1315,0.909091,0.818182,0.545455,8,261.481,1,8,242.105,0.829863,0.829863,1.72602e-10,-7851.09,-8253.38,-14318.8,-14318.8,2.05028e+08,0,9194.85,-22156.7,-30457,-30457,9.27629e+08,0,5147.94,-42325.3,-30457,-30320.4,4479.45,1.8238,2.12706,0.0574142,0.104712,0.222729
od0,1315,0.909091,0.818182,0.545455,9,331.01,1,9,311.61,0.989607,0.989607,3.47883e-08,-224858,-224631,-225220,-225220,5.0724e+10,0,-149500,-250460,-157418,-157418,2.47803e+10,0,-124809,-168287,-157418,-156413,-122491,1.00161,0.698951,1.02612,1.02777,0.71836
od0,1315,0.909091,0.818182,0.545455,10,341.703,1,10,333.356,0.993504,0.993504,4.52287e-10,-28057.8,-28613.8,-35512,-35512,1.2611e+09,0,-33463.2,-36194.9,-56729.5,-56729.5,3.21824e+09,0,-42264,-61551.4,-56729.5,-57886.4,-43949.4,1.26567,1.59748,0.120151,0.152071,0.24293
od0,1315,0.909091,0.818182,0.545455,11,375.206,1,11,368.111,0.999131,0.999131,5.9426e-12,-4126.08,-3814.85,-4562.96,-4562.96,2.08206e+07,0,-8231.23,-3340.2,-24480.7,-24480.7,5.99306e+08,0,-19083.8,-26279.7,-24480.7,-24446.8,-19226.3,1.10588,5.3651,0.0146544,0.016206,0.0869471
od0,1315,0.909091,0.818182,0.545455,12,515.211,1,13,512.908,0.878779,0.878779,4.69972e-10,-123737,-123922,-108701,-108701,1.1816e+10,45849.7,-45367.9,-129812,-74810.3,-74810.3,5.59657e+09,40386.5,-26070.9,-91056.7,-74810.3,-51748.8,-11357.3,0.878485,0.688219,0.233077,0.204755,0.140916
od0,1315,0.909091,0.818182,0.545455,13,518.344,1,12,502.798,0.912945,0.912945,4.75954e-09,-399820,-374492,-399572,-399572,1.59658e+11,45849.7,-300704,-432528,-320992,-320992,1.03036e+11,40386.5,-256751,-342405,-320992,-324502,-218642,0.99938,0.803339,0.744043,0.743581,0.597348
od0,1315,0.909091,0.818182,0.545455,14,534.892,1,14,519.541,0.962178,0.962178,8.09345e-11,80141.3,55053.9,62201.8,62201.8,3.86907e+09,0,96970.4,50612.3,144571,144571,2.09007e+10,0,150479,142601,144571,125128,99098.9,0.776152,2.32422,-0.140054,-0.108703,-0.25265
od0,1315,0.909091,0.818182,0.545455,15,781.226,1,15,777.63,0.99994,0.99994,1.62414e-12,-22110.4,-22071.4,-21868.1,-21868.1,4.78216e+08,0,6823.77,-31432.1,-7521.56,-7521.56,5.65739e+07,0,16125.2,-15403.8,-7521.56,-7442.34,15905.6,0.989045,0.343951,0.0181139,0.0179155,0.00616205
od0,341,0.181818,0.818182,0,1,93.9755,2,2,73.2666,0.96762,0.96762,1.46257e-06,-55384.6,-54749.5,-28562,-28562,9.12735e+08,0,-22145.1,-30701,58607.1,58607.1,2.55879e+10,0,22603.7,70608.2,58607.1,57215.1,21486.1,0.515703,-2.05192,3.13567,1.61707,-3.31811
od0,341,0.181818,0.818182,0,2,94.2943,2,1,41.9721,0.83954,0.83954,1.76527e-08,8523.95,8621.95,9846.05,9846.05,9.12735e+08,0,12655.8,8909.47,148839,148839,2.55879e+10,0,78899.1,172152,148839,146916,78736.3,1.1551,15.1166,-0.479336,-0.553683,-8.36983
od0,341,0.181818,0.818182,0,3,131.038,1,3,118.597,0.99218,0.99218,8.05313e-07,78625.2,78737.8,76004.4,76004.4,5.77666e+09,0,66517.4,79166.7,44900,44900,2.01601e+09,0,49564.6,43345.1,44900,44539.1,49418.7,0.966667,0.590755,-2.28947,-2.21316,-1.30743
od0,341,0.181818,0.818182,0,4,180.114,1,4,137.545,0.636955,0.636955,4.34377e-09,-17204,-17418,-20119.1,-20119.1,4.0478e+08,0,-15695.7,-21593.6,156372,156372,2.44522e+10,0,76553.7,182978,156372,159018,77258.6,1.16944,-7.7723,0.26516,0.310089,-2.4101
od0,341,0.181818,0.818182,0,5,192.746,1,5,146.741,0.951929,0.951929,9.40958e-08,-86662.8,-86391.7,-77779.6,-77779.6,6.04966e+09,0,-73859.3,-79086.3,-302418,-302418,9.14567e+10,0,-177424,-344083,-302418,-297440,-170050,0.897497,3.88814,1.16636,1.0468,4.07012
od0,341,0.181818,0.818182,0,6,205.931,1,6,158.889,0.671464,0.671464,3.30805e-09,-18995,-18932.6,-17464.8,-17464.8,3.05019e+08,0,-19716.1,-16714.4,-329372,-329372,1.08486e+11,0,-175059,-380809,-329372,-330012,-175564,0.919443,18.8592,0.223957,0.205916,3.88341
od0,341,0.181818,0.818182,0,7,221.17,1,7,201.324,0.991176,0.991176,1.29777e-08,42456.8,42329.3,35307.2,35307.2,1.2466e+09,0,73194.3,22678.1,189449,189449,3.58909e+10,0,144812,204328,189449,189844,144985,0.831603,5.36574,-0.433974,-0.360894,-1.93646
od0,341,0.181818,0.818182,0,8,241.701,1,8,218.593,0.999035,0.999035,1.41226e-09,23645,21677.1,32581.5,32581.5,1.06155e+09,0,16062.3,38087.9,54160.5,54160.5,2.93336e+09,0,35778.9,60287.7,54160.5,54019.3,32140,1.37795,1.66231,-0.202373,-0.27886,-0.46355
od0,341,0.181818,0.818182,0,9,277.654,1,10,260.342,1,1,1.76955e-09,27777.8,27777.9,27777.8,27777.8,7.71605e+08,0,25820.9,28430.1,-60033.1,-60033.1,3.60398e+09,0,-16654.9,-74492.5,-60033.1,-60033.1,-16654.9,1,-2.16119,-0.180161,-0.180161,0.389362
od0,341,0.181818,0.818182,0,10,285.848,1,9,259.794,0.979077,0.979077,2.85311e-07,-389891,-389050,-433075,-433075,1.87554e+11,0,-241952,-496783,-430817,-430817,1.85603e+11,0,-237989,-495093,-430817,-434397,-240998,1.11076,0.994786,2.38585,2.65011,2.63629
od0,341,0.181818,0.818182,0,11,306.772,1,11,291.741,0.998472,0.998472,5.97853e-09,-79406.3,-79656.7,-73573.6,-73573.6,5.41307e+09,0,-64059.1,-76745.1,-24069,-24069,5.79317e+08,0,-46333.9,-16647.4,-24069,-24465.3,-47328.3,0.926546,0.327142,0.421885,0.390896,0.127878
od0,341,0.181818,0.818182,0,12,482.453,1,12,467.167,0.999591,0.999591,1.02062e-08,-240394,-240076,-238541,-238541,5.69018e+10,0,-166725,-262479,-511301,-511301,2.61429e+11,0,-309031,-578725,-511301,-511071,-308039,0.99229,2.14345,0.516397,0.512415,1.09834
od0,341,0.181818,0.818182,0,13,533.002,1,13,520.532,0.999965,0.999965,1.53838e-12,7119.63,7173.23,7182.47,7182.47,5.15879e+07,0,1654.82,9025.02,7339.41,7339.41,5.38669e+07,0,1601.6,9252.01,7339.41,7256.6,1563.96,1.00883,1.02185,-0.0125305,-0.0126411,-0.0129173
od0,341,0.181818,0.818182,0,14,547.871,1,14,535.203,0.999859,0.999859,1.32823e-10,67174.7,67396.3,65717.2,65717.2,4.31875e+09,0,213230,16546.2,2408.24,2408.24,5.79962e+06,0,183246,-57871.1,2408.24,2542.92,183639,0.978303,0.0366455,-0.111897,-0.109469,-0.00401155
od0,341,0.181818,0.818182,0,15,783.391,1,15,773.952,0.999745,0.999745,1.84699e-09,-738520,-738571,-736436,-736436,5.42337e+11,0,-525329,-806805,-934312,-934312,8.72938e+11,0,-632997,-1.03475e+06,-934312,-934180,-633021,0.997178,1.26869,0.601693,0.599995,0.76121
od0,1111,0.818182,0.181818,0,1,93.9755,2,2,73.2666,0.96762,0.96762,1.46257e-06,-55384.6,-54749.5,-28562,-28562,9.12735e+08,0,-22145.1,-30701,58607.1,58607.1,2.55879e+10,0,22603.7,70608.2,58607.1,57215.1,21486.1,0.515703,-2.05192,3.13567,1.61707,-3.31811
od0,1111,0.818182,0.181818,0,2,94.2943,2,1,41.9721,0.83954,0.83954,1.76527e-08,8523.95,8621.95,9846.05,9846.05,9.12735e+08,0,12655.8,8909.47,148839,148839,2.55879e+10,0,78899.1,172152,148839,146916,78736.3,1.1551,15.1166,-0.479336,-0.553683,-8.36983
od0,1111,0.818182,0.181818,0,3,131.038,1,3,118.597,0.99218,0.99218,8.05313e-07,78625.2,78737.8,76004.4,76004.4,5.77666e+09,0,66517.4,79166.7,44900,44900,2.01601e+09,0,49564.6,43345.1,44900,44539.1,49418.7,0.966667,0.590755,-2.28947,-2.21316,-1.30743
od0,1111,0.818182,0.181818,0,4,180.114,1,4,137.545,0.636955,0.636955,4.34377e-09,-17204,-17418,-20119.1,-20119.1,4.0478e+08,0,-15695.7,-21593.6,156372,156372,2.44522e+10,0,76553.7,182978,156372,159018,77258.6,1.16944,-7.7723,0.26516,0.310089,-2.4101
od0,1111,0.818182,0.181818,0,5,192.746,1,5,146.741,0.951929,0.951929,9.40958e-08,-86662.8,-86391.7,-77779.6,-77779.6,6.04966e+09,0,-73859.3,-79086.3,-302418,-302418,9.14567e+10,0,-177424,-344083,-302418,-297440,-170050,0.897497,3.88814,1.16636,1.0468,4.07012
od0,1111,0.818182,0.181818,0,6,205.931,1,6,158.889,0.671464,0.671464,3.30805e-09,-18995,-18932.6,-17464.8,-17464.8,3.05019e+08,0,-19716.1,-16714.4,-329372,-329372,1.08486e+11,0,-175059,-380809,-329372,-330012,-175564,0.919443,18.8592,0.223957,0.205916,3.88341
od0,1111,0.818182,0.181818,0,7,221.17,1,7,201.324,0.991176,0.991176,1.29777e-08,42456.8,42329.3,35307.2,35307.2,1.2466e+09,0,73194.3,22678.1,189449,189449,3.58909e+10,0,144812,204328,189449,189844,144985,0.831603,5.36574,-0.433974,-0.360894,-1.93646
od0,1111,0.818182,0.181818,0,8,241.701,1,8,218.593,0.999035,0.999035,1.41226e-09,23645,21677.1,32581.5,32581.5,1.06155e+09,0,16062.3,38087.9,54160.5,54160.5,2.93336e+09,0,35778.9,60287.7,54160.5,54019.3,32140,1.37795,1.66231,-0.202373,-0.27886,-0.46355
od0,1111,0.818182,0.181818,0,9,277.654,1,10,260.342,1,1,1.76955e-09,27777.8,27777.9,27777.8,27777.8,7.71605e+08,0,25820.9,28430.1,-60033.1,-60033.1,3.60398e+09,0,-16654.9,-74492.5,-60033.1,-60033.1,-16654.9,1,-2.16119,-0.180161,-0.180161,0.389362
od0,1111,0.818182,0.181818,0,10,285.848,1,9,259.794,0.979077,0.979077,2.85311e-07,-389891,-389050,-433075,-433075,1.87554e+11,0,-241952,-496783,-430817,-430817,1.85603e+11,0,-237989,-495093,-430817,-434397,-240998,1.11076,0.994786,2.38585,2.65011,2.63629
od0,1111,0.818182,0.181818,0,11,306.772,1,11,291.741,0.998472,0.998472,5.97853e-09,-79406.3,-79656.7,-73573.6,-73573.6,5.41307e+09,0,-64059.1,-76745.1,-24069,-24069,5.79317e+08,0,-46333.9,-16647.4,-24069,-24465.3,-47328.3,0.926546,0.327142,0.421885,0.390896,0.127878
od0,1111,0.818182,0.181818,0,12,482.453,1,12,467.167,0.999591,0.999591,1.02062e-08,-240394,-240076,-238541,-238541,5.69018e+10,0,-166725,-262479,-511301,-511301,2.61429e+11,0,-309031,-578725,-511301,-511071,-308039,0.99229,2.14345,0.516397,0.512415,1.09834
od0,1111,0.818182,0.181818,0,13,533.002,1,13,520.532,0.999965,0.999965,1.53838e-12,7119.63,7173.23,7182.47,7182.47,5.15879e+07,0,1654.82,9025.02,7339.41,7339.41,5.38669e+07,0,1601.6,9252.01,7339.41,7256.6,1563.96,1.00883,1.02185,-0.0125305,-0.0126411,-0.0129173
od0,1111,0.818182,0.181818,0,14,547.871,1,14,535.203,0.999859,0.999859,1.32823e-10,67174.7,67396.3,65717.2,65717.2,4.31875e+09,0,213230,16546.2,2408.24,2408.24,5.79962e+06,0,183246,-57871.1,2408.24,2542.92,183639,0.978303,0.0366455,-0.111897,-0.109469,-0.00401155
od0,1111,0.818182,0.181818,0,15,783.391,1,15,773.952,0.999745,0.999745,1.84699e-09,-738520,-738571,-736436,-736436,5.42337e+11,0,-525329,-806805,-934312,-934312,8.72938e+11,0,-632997,-1.03475e+06,-934312,-934180,-633021,0.997178,1.26869,0.601693,0.599995,0.76121
od0,1188,0.818182,0.818182,0,1,93.9755,2,2,73.2666,0.96762,0.96762,1.5066e-06,56291.8,55567.4,30054.8,-10033.2,1.00396e+09,0,-12602,-9176.9,-57246.6,-147887,2.51477e+10,0,-77969.7,-171192,-147887,-146165,-77811.1,-0.178235,14.7398,-3.18703,0.568041,8.37279
od0,1188,0.818182,0.818182,0,2,94.2943,2,1,41.9721,0.83954,0.83954,2.04222e-08,-9178.64,-9273.64,-10033.2,30054.8,1.00396e+09,0,23090.9,32376.1,-147887,-57246.6,2.51477e+10,0,-21644.7,-69113.9,-57246.6,-55962.3,-20624.9,-3.27443,-1.90474,0.516152,-1.6901,3.21921
od0,1188,0.818182,0.818182,0,3,131.038,1,3,118.597,0.99218,0.99218,8.13404e-07,-79004,-79132.4,-76298.2,-76298.2,5.82141e+09,0,-67493.6,-79233,-45377.1,-45377.1,2.05908e+09,0,-50512.1,-43665.4,-45377.1,-45149.5,-50439,0.965751,0.594734,2.3005,2.22171,1.32133
od0,1188,0.818182,0.818182,0,4,180.114,1,4,137.545,0.636955,0.636955,4.23786e-09,17039.7,17204.3,19110.2,19110.2,3.65199e+08,0,16030.7,20136.7,-155915,-155915,2.43095e+10,0,-74764.5,-182965,-155915,-158395,-75475.5,1.12151,-8.15875,-0.262627,-0.294538,2.40306
od0,1188,0.818182,0.818182,0,5,192.746,1,5,146.741,0.951929,0.951929,1.03593e-07,90817.7,90646.5,80667.1,80667.1,6.50718e+09,0,74393.6,82758.3,305373,305373,9.32528e+10,0,178117,347792,305373,300745,171134,0.888231,3.7856,-1.22228,-1.08566,-4.10989
od0,1188,0.818182,0.818182,0,6,205.931,1,6,158.889,0.671464,0.671464,3.88545e-09,20534.2,20518.4,19380.1,19380.1,3.7559e+08,0,19000.2,19506.8,335214,335214,1.12368e+11,0,177801,387685,335214,335888,178317,0.943797,17.2968,-0.242106,-0.228498,-3.95229
od0,1188,0.818182,0.818182,0,7,221.17,1,7,201.324,0.991176,0.991176,1.31053e-08,-43016.8,-42536.8,-36223.4,-36223.4,1.31213e+09,0,-76077.2,-22938.8,-190850,-190850,3.64236e+10,0,-148307,-205031,-190850,-191115,-148412,0.842074,5.26869,0.439699,0.370259,1.95078
od0,1188,0.818182,0.818182,0,8,241.701,1,8,218.593,0.999035,0.999035,1.47787e-09,-23707,-22175,-32535.1,-32535.1,1.05853e+09,0,-17832.1,-37436,-53934.3,-53934.3,2.9089e+09,0,-36108.2,-59876.3,-53934.3,-54094.2,-33022.2,1.37238,1.65773,0.202904,0.278462,0.461614
od0,1188,0.818182,0.818182,0,9,277.654,1,10,260.342,1,1,1.50577e-09,-25623.9,-25624,-25623.9,-25623.9,6.56587e+08,0,-26495.2,-25333.5,67726.4,67726.4,4.58687e+09,0,22101,82934.9,67726.4,67726.4,22101,1,-2.64309,0.166192,0.166192,-0.439259
od0,1188,0.818182,0.818182,0,10,285.848,1,9,259.794,0.979077,0.979077,2.79735e-07,385598,385229,429371,429371,1.8436e+11,0,240677,492269,425664,425664,1.81189e+11,0,235329,489108,425664,429342,238644,1.11352,0.991365,-2.35958,-2.62744,-2.60475
od0,1188,0.818182,0.818182,0,11,306.772,1,11,291.741,0.998472,0.998472,5.99174e-09,79886.6,79744.6,74379.3,74379.3,5.53228e+09,0,58151.2,79788.7,24334.9,24334.9,5.92187e+08,0,41223.2,18705.5,24334.9,24743.4,42064.6,0.931061,0.327173,-0.424437,-0.395177,-0.129291
od0,1188,0.818182,0.818182,0,12,482.453,1,12,467.167,0.999591,0.999591,1.05905e-08,244816,244554,243015,243015,5.90565e+10,0,163450,269537,513162,513162,2.63336e+11,0,301897,583584,513162,512911,301053,0.992646,2.11165,-0.525894,-0.522027,-1.10234
od0,1188,0.818182,0.818182,0,13,533.002,1,13,520.532,0.999965,0.999965,6.7894e-13,-4711.85,-4765.4,-4773.67,-4773.67,2.27879e+07,0,-2805.69,-5429.66,-2005.86,-2005.86,4.02349e+06,0,-2785.46,-1746,-2005.86,-1922.36,-2748.86,1.01312,0.420194,0.00829284,0.00840164,0.00353031
od0,1188,0.818182,0.818182,0,14,547.871,1,14,535.203,0.999859,0.999859,1.4955e-10,-71246.1,-71514.3,-69803.5,-69803.5,4.87253e+09,0,-215414,-21266.7,-9456.98,-9456.98,8.94345e+07,0,-191384,51185.4,-9456.98,-9632.17,-191822,0.979752,0.13548,0.118679,0.116276,0.0157531
od0,1188,0.818182,0.818182,0,15,783.391,1,15,773.952,0.999745,0.999745,1.87333e-09,743768,743818,741576,741576,5.49935e+11,0,527692,812871,935515,935515,8.75189e+11,0,629080,1.03766e+06,935515,935395,629115,0.997053,1.26152,-0.605969,-0.604183,-0.762191
od0,264,0.181818,0.181818,0,1,93.9755,2,2,73.2666,0.96762,0.96762,1.5066e-06,56291.8,55567.4,30054.8,-10033.2,1.00396e+09,0,-12602,-9176.9,-57246.6,-147887,2.51477e+10,0,-77969.7,-171192,-147887,-146165,-77811.1,-0.178235,14.7398,-3.18703,0.568041,8.37279
od0,264,0.181818,0.181818,0,2,94.2943,2,1,41.9721,0.83954,0.83954,2.04222e-08,-9178.64,-9273.64,-10033.2,30054.8,1.00396e+09,0,23090.9,32376.1,-147887,-57246.6,2.51477e+10,0,-21644.7,-69113.9,-57246.6,-55962.3,-20624.9,-3.27443,-1.90474,0.516152,-1.6901,3.21921
od0,264,0.181818,0.181818,0,3,131.038,1,3,118.597,0.99218,0.99218,8.13404e-07,-79004,-79132.4,-76298.2,-76298.2,5.82141e+09,0,-67493.6,-79233,-45377.1,-45377.1,2.05908e+09,0,-50512.1,-43665.4,-45377.1,-45149.5,-50439,0.965751,0.594734,2.3005,2.22171,1.32133
od0,264,0.181818,0.181818,0,4,180.114,1,4,137.545,0.636955,0.636955,4.23786e-09,17039.7,17204.3,19110.2,19110.2,3.65199e+08,0,16030.7,20136.7,-155915,-155915,2.43095e+10,0,-74764.5,-182965,-155915,-158395,-75475.5,1.12151,-8.15875,-0.262627,-0.294538,2.40306
od0,264,0.181818,0.181818,0,5,192.746,1,5,146.741,0.951929,0.951929,1.03593e-07,90817.7,90646.5,80667.1,80667.1,6.50718e+09,0,74393.6,82758.3,305373,305373,9.32528e+10,0,178117,347792,305373,300745,171134,0.888231,3.7856,-1.22228,-1.08566,-4.10989
od0,264,0.181818,0.181818,0,6,205.931,1,6,158.889,0.671464,0.671464,3.88545e-09,20534.2,20518.4,19380.1,19380.1,3.7559e+08,0,19000.2,19506.8,335214,335214,1.12368e+11,0,177801,387685,335214,335888,178317,0.943797,17.2968,-0.242106,-0.228498,-3.95229
od0,264,0.181818,0.181818,0,7,221.17,1,7,201.324,0.991176,0.991176,1.31053e-08,-43016.8,-42536.8,-36223.4,-36223.4,1.31213e+09,0,-76077.2,-22938.8,-190850,-190850,3.64236e+10,0,-148307,-205031,-190850,-191115,-148412,0.842074,5.26869,0.439699,0.370259,1.95078
od0,264,0.181818,0.181818,0,8,241.701,1,8,218.593,0.999035,0.999035,1.47787e-09,-23707,-22175,-32535.1,-32535.1,1.05853e+09,0,-17832.1,-37436,-53934.3,-53934.3,2.9089e+09,0,-36108.2,-59876.3,-53934.3,-54094.2,-33022.2,1.37238,1.65773,0.202904,0.278462,0.461614
od0,264,0.181818,0.181818,0,9,277.654,1,10,260.342,1,1,1.50577e-09,-25623.9,-25624,-25623.9,-25623.9,6.56587e+08,0,-26495.2,-25333.5,67726.4,67726.4,4.58687e+09,0,22101,82934.9,67726.4,67726.4,22101,1,-2.64309,0.166192,0.166192,-0.439259
od0,264,0.181818,0.181818,0,10,285.848,1,9,259.794,0.979077,0.979077,2.79735e-07,385598,385229,429371,429371,1.8436e+11,0,240677,492269,425664,425664,1.81189e+11,0,235329,489108,425664,429342,238644,1.11352,0.991365,-2.35958,-2.62744,-2.60475
od0,264,0.181818,0.181818,0,11,306.772,1,11,291.741,0.998472,0.998472,5.99174e-09,79886.6,79744.6,74379.3,74379.3,5.53228e+09,0,58151.2,79788.7,24334.9,24334.9,5.92187e+08,0,41223.2,18705.5,24334.9,24743.4,42064.6,0.931061,0.327173,-0.424437,-0.395177,-0.129291
od0,264,0.181818,0.181818,0,12,482.453,1,12,467.167,0.999591,0.999591,1.05905e-08,244816,244554,243015,243015,5.90565e+10,0,163450,269537,513162,513162,2.63336e+11,0,301897,583584,513162,512911,301053,0.992646,2.11165,-0.525894,-0.522027,-1.10234
od0,264,0.181818,0.181818,0,13,533.002,1,13,520.532,0.999965,0.999965,6.7894e-13,-4711.85,-4765.4,-4773.67,-4773.67,2.27879e+07,0,-2805.69,-5429.66,-2005.86,-2005.86,4.02349e+06,0,-2785.46,-1746,-2005.86,-1922.36,-2748.86,1.01312,0.420194,0.00829284,0.00840164,0.00353031
od0,264,0.181818,0.181818,0,14,547.871,1,14,535.203,0.999859,0.999859,1.4955e-10,-71246.1,-71514.3,-69803.5,-69803.5,4.87253e+09,0,-215414,-21266.7,-9456.98,-9456.98,8.94345e+07,0,-191384,51185.4,-9456.98,-9632.17,-191822,0.979752,0.13548,0.118679,0.116276,0.0157531
od0,264,0.181818,0.181818,0,15,783.391,1,15,773.952,0.999745,0.999745,1.87333e-09,743768,743818,741576,741576,5.49935e+11,0,527692,812871,935515,935515,8.75189e+11,0,629080,1.03766e+06,935515,935395,629115,0.997053,1.26152,-0.605969,-0.604183,-0.762191
od0,342,0.181818,0.818182,0.090909,1,97.0642,1,2,76.5853,0.971872,0.971872,1.00725e-06,-49652.4,-49223.3,-27823,-27823,7.74118e+08,0.0117644,-23535.1,-29252.3,47202.1,47202.1,2.22804e+09,0.0151687,15186.8,57873.9,47202.1,46028.2,14253,0.560355,-1.69652,2.63507,1.47657,-2.50503
od0,342,0.181818,0.818182,0.090909,2,97.8435,1,1,69.6584,0.933712,0.933712,2.56451e-07,25303.4,24837.2,11685.4,11685.4,1.36549e+08,0.0117644,11370.1,11790.5,99169,99169,9.83449e+09,0.0151687,54709.1,113989,99169,98293.8,55151.7,0.461813,8.48655,-1.32155,-0.610311,-5.17944
od0,342,0.181818,0.818182,0.090909,3,131.672,1,3,116.275,0.98575,0.98575,4.20734e-07,56669.3,56314.8,61412.9,61412.9,3.77154e+09,0,55890.2,63253.8,15521.9,15521.9,2.40928e+08,0,28663.9,11141.2,15521.9,15057.5,28692.3,1.08371,0.252746,-1.63429,-1.77109,-0.447636
od0,342,0.181818,0.818182,0.090909,4,192.236,1,4,147.557,0.957799,0.957799,7.54174e-08,-78145.2,-77810.1,-76127.1,-76127.1,5.79534e+09,0.00566384,-74129.2,-76793.1,-291411,-291411,8.49204e+10,0.0109362,-174449,-330399,-291411,-287034,-167292,0.974176,3.82795,1.05732,1.03001,3.94283
od0,342,0.181818,0.818182,0.090909,5,194.385,1,5,147.639,0.66117,0.66117,3.80115e-08,55162.6,56458.9,14888.2,14888.2,2.2166e+08,0.00566384,20190.8,13120.7,-98712.3,-98712.3,9.74411e+09,0.0109362,-40522.8,-118109,-98712.3,-82084.4,-35515.2,0.269898,-6.63022,-0.729946,-0.197011,1.30622
od0,342,0.181818,0.818182,0.090909,6,207.932,1,6,175.358,0.652424,0.652424,2.52276e-08,39145.4,38474.3,89140.7,89140.7,7.94607e+09,0,60124.4,98812.8,203863,203863,4.15599e+10,0,124607,230281,203863,190541,120730,2.27717,2.28697,-0.452696,-1.03087,-2.35756
od0,342,0.181818,0.818182,0.090909,7,233.253,1,7,209.594,0.999857,0.999857,1.31536e-08,62373,61864.1,63227.2,63227.2,3.99768e+09,0,45956.7,68984.1,55098.8,55098.8,3.03588e+09,0,51027.6,56455.9,55098.8,54465.8,47152.5,1.0137,0.871442,-0.573207,-0.581058,-0.506358
od0,342,0.181818,0.818182,0.090909,8,239.212,1,8,217.726,0.920247,0.920247,2.69155e-10,8858.27,8697.84,-5615.57,-5615.57,3.15346e+07,0,16117.8,-12860,106318,106318,1.13036e+10,0,70140.7,118377,106318,104438,68392.1,-0.633935,-18.9328,-0.0774022,0.049068,-0.928993
od0,342,0.181818,0.818182,0.090909,9,271.982,1,9,248.806,0.967901,0.967901,1.20731e-07,-242266,-240658,-199310,-199310,3.97246e+10,0,-131906,-221779,-182470,-182470,3.32953e+10,0,-122322,-202519,-182470,-178375,-118068,0.822691,0.915506,1.63751,1.34716,1.23334
od0,342,0.181818,0.818182,0.090909,10,304.14,1,10,285.033,0.976895,0.976895,6.26374e-09,-69107.3,-71157.4,-135892,-135892,1.84666e+10,0,-63830.1,-159913,-199304,-199304,3.97221e+10,0,-92807.1,-234803,-199304,-206151,-99751.5,1.96639,1.46664,0.373549,0.734543,1.07731
od0,342,0.181818,0.818182,0.090909,11,313.1,1,11,297.661,0.99669,0.99669,1.00815e-09,-34762,-34806.5,-24057.9,-24057.9,5.78781e+08,0,-31102.5,-21709.6,-29046,-29046,8.43669e+08,0,-39672.9,-25503.7,-29046,-29426.1,-40256.4,0.692074,1.20734,0.1773,0.122705,0.148146
od0,342,0.181818,0.818182,0.090909,12,481.358,1,12,466.133,0.999649,0.999649,4.36808e-09,-156493,-156349,-156466,-156466,2.44817e+10,0,-114848,-170339,-393390,-393390,1.54756e+11,0,-237979,-445194,-393390,-392338,-235704,0.99983,2.51421,0.337698,0.33764,0.8489
od0,342,0.181818,0.818182,0.090909,13,536.782,1,13,524.04,0.999919,0.999919,5.30452e-11,-43142.3,-42932.7,-41287.8,-41287.8,1.70469e+09,0,-45975.3,-39725.3,-66143.6,-66143.6,4.37498e+09,0,-60053.7,-68173.6,-66143.6,-67132.9,-61748.8,0.957016,1.60201,0.0748647,0.0716467,0.114779
od0,342,0.181818,0.818182,0.090909,14,546.319,1,14,533.429,0.999849,0.999849,5.19039e-10,134459,134647,133585,133585,1.78451e+10,0,247750,95530.8,66838.1,66838.1,4.46734e+09,0,215249,17368,66838.1,67020.1,215592,0.993507,0.50034,-0.225251,-0.223788,-0.11197
od0,342,0.181818,0.818182,0.090909,15,785.423,1,15,776.678,0.999754,0.999754,1.01547e-09,-551616,-551568,-550574,-550574,3.03132e+11,0,-414100,-596065,-735679,-735679,5.41223e+11,0,-515831,-808961,-735679,-735449,-515680,0.998111,1.3362,0.447095,0.44625,0.596281
od0,665,0.454545,0.454545,0.454545,1,74.581,1,1,-76.1209,1,1,7.19264e-07,56259.4,47733.9,56259.4,56259.4,3.16512e+09,41563.1,44624.3,60137.8,27165.4,27165.4,7.37958e+08,20168.8,20713.4,29316,27165.4,25044.9,15715.2,1,0.48286,-5.05719,-5.05719,-2.44191
od0,665,0.454545,0.454545,0.454545,2,77.7637,2,2,-72.6212,0.696022,0.999998,1.98948e-06,-79587.6,-79387.6,10835.1,-79648,6.50443e+09,41563.1,-72488.9,-82034.4,13641.2,-38938.2,1.73256e+09,20168.8,-34797.4,-40318.5,-38938.2,-38737,-34195.3,1.00076,0.488879,6.58054,6.58554,3.21953
od0,665,0.454545,0.454545,0.454545,3,77.7637,2,3,-72.6212,0.696022,0.999998,1.43476e-07,12818.6,21319.3,-77809.3,12673.9,6.50443e+09,5925,12665.1,12676.8,-37869.7,14709.7,1.73256e+09,2875.13,10781.3,16019.2,14709.7,16639.4,15239.1,0.988711,1.16064,-1.05988,-1.04791,-1.21625
od0,665,0.454545,0.454545,0.454545,4,139.437,1,4,126.334,1,1,1.3811e-07,-47553.2,-43279.4,-47553.1,-47553.1,2.2613e+09,26474.5,-47324.3,-47629.3,-36652.6,-36652.6,1.34341e+09,20413.6,-39236.8,-35791.2,-36652.6,-39620.3,-39002.1,0.999997,0.770772,1.22291,1.22291,0.942582
od0,665,0.454545,0.454545,0.454545,5,140.492,2,5,127.508,0.93623,0.999999,6.21682e-08,-25676.2,-30057.2,35684.9,-25614.1,5.91269e+09,20517.7,-24860.6,-25865.2,26691.7,-25575.8,4.02796e+09,15820.5,-25892.6,-25470.2,-25575.8,-22630.8,-26430,0.997579,0.998505,0.650424,0.64885,0.64788
od0,665,0.454545,0.454545,0.454545,6,140.492,2,6,127.508,0.93623,0.999999,3.61702e-07,72439.5,72500.3,11203.5,72502.5,5.91269e+09,26474.5,73517.1,72164.3,5817.29,58084.8,4.02796e+09,20413.6,60099.3,57413.2,58084.8,58122.7,60375.4,1.00087,0.801142,-1.83502,-1.83661,-1.47139
od0,665,0.454545,0.454545,0.454545,7,418.093,1,7,414.23,0.999199,0.999199,8.66354e-12,6103.1,6136.2,7187.73,7187.73,5.16635e+07,21447.4,10107.2,6214.58,-12330.2,-12330.2,1.52035e+08,12516.7,5262.41,-18194.4,-12330.3,-10601.2,7884.77,1.17772,-1.71546,-0.0174572,-0.0205596,0.0352691
od0,665,0.454545,0.454545,0.454545,8,421.575,2,9,417.971,0.893231,0.996893,2.13604e-10,28023.3,28481.7,19967.3,-38685.1,1.97298e+09,21447.4,-42285.7,-37484.9,1653.34,-48201.1,2.33381e+09,12516.7,-48618.2,-48062.1,-48201.1,-48414.4,-48583,-1.38046,1.24599,-0.0788386,0.108834,0.135605
od0,665,0.454545,0.454545,0.454545,9,421.575,2,8,417.971,0.893231,0.996893,4.55854e-10,-41731.2,-41607.8,-36824.7,21827.7,1.97298e+09,3819.72,31332.8,18659.3,-46619.8,3234.63,2.33381e+09,2229.18,28443,-5168.15,3234.65,3316.63,26451.8,-0.523054,0.148189,0.117404,-0.0614084,-0.00910007
od0,665,0.454545,0.454545,0.454545,10,433.025,2,10,430.06,0.544788,0.995972,4.4889e-10,-41281,-41411.7,14967.1,-42783.8,2.71572e+09,0,-44700.7,-42144.9,35435.4,-49267,5.69018e+09,0,-48707.2,-49453.6,-49267,-48144.8,-48353.4,1.03641,1.15153,0.110077,0.114084,0.131371
od0,665,0.454545,0.454545,0.454545,11,433.025,2,11,430.06,0.544788,0.995972,7.30757e-11,17445.5,16708.6,-27997.6,29753.4,2.71572e+09,0,5001.16,38004.1,-27580.3,57122.2,5.69018e+09,0,10740.2,72582.8,57122.2,56154.7,11176,1.70551,1.91985,-0.0465187,-0.079338,-0.152317
od0,665,0.454545,0.454545,0.454545,12,441.713,1,12,439.398,0.999199,0.999199,2.51072e-09,103981,104155,102880,102880,1.05843e+10,0,72443,113026,139787,139787,1.95403e+10,0,88578.9,156856,139787,137888,85957,0.989413,1.35873,-0.266467,-0.263646,-0.358225
od0,665,0.454545,0.454545,0.454545,13,509.441,2,14,482.254,0.969301,0.998298,5.42844e-11,33276.3,33226.3,5063.14,4935.23,7.62145e+08,0,-8300.67,9347.2,20401.1,20306.3,1.76426e+09,0,-1519.01,27581.5,20306.3,19550.4,-1643.58,0.148311,4.11457,-0.0641088,-0.00950802,-0.0391214
od0,665,0.454545,0.454545,0.454545,14,509.441,2,13,482.254,0.969301,0.998298,1.99355e-12,6396.8,6367.33,27034.3,27162.3,7.62145e+08,0,17405.3,30414.6,36673.6,36768.3,1.76426e+09,0,23923.7,41049.9,36768.3,37683.4,25172.6,4.24622,1.35365,-0.0123238,-0.0523297,-0.0708364
od0,665,0.454545,0.454545,0.454545,15,831.292,1,15,835.04,0.999999,0.999999,3.47987e-13,12243.8,12271.5,12259.9,12259.9,1.50305e+08,0,7912.22,13709.1,20743.7,20743.7,4.30299e+08,0,9126.38,24616.1,20743.7,20704.9,9133.24,1.00132,1.69199,-0.00885888,-0.00887053,-0.0150089
od1,1221,0.909091,0.090909,0,1,47.7732,1,3,64.5132,0.642333,0.642333,3.42942e-08,-2362.78,-2661.67,1437.53,1437.53,2.0665e+06,0.000681164,3249.69,833.48,-1928.57,-1928.57,3.71937e+06,0.000383709,1605.81,-3106.69,-1928.57,-1959.09,1568.57,-0.608406,-1.34158,0.517637,-0.314934,0.422509
od1,1221,0.909091,0.090909,0,2,49.5938,1,2,20.789,0.609297,0.609297,3.97482e-05,-191126,-172677,-28607.6,-28607.6,8.18396e+08,0.000681164,-15426.6,-33001.3,-27434.5,-27434.5,7.52654e+08,0.000383709,-14232.8,-31835.1,-27434.5,-27164.6,-14109.8,0.149679,0.958994,38.854,5.81563,5.57716
od1,1221,0.909091,0.090909,0,3,84.5006,1,5,82.4338,0.997647,0.997647,9.94913e-08,9183.04,10178.4,4604.8,4604.8,2.12042e+07,0,9041.11,3126.04,418.801,418.801,175394,0,6801.37,-1708.72,418.807,1060.75,7222.83,0.501447,0.0909486,-0.643038,-0.322449,-0.0293263
od1,1221,0.909091,0.090909,0,4,154.312,1,6,155.037,0.396052,0.396052,1.1752e-11,-7565.82,-7575.97,-4136.88,-4136.88,1.71137e+07,0.00349077,-5328.63,-3739.62,-6374.16,-6374.16,4.063e+07,0.00345222,-5226.47,-6756.73,-6374.16,-6156.72,-5132.05,0.546785,1.54082,0.158865,0.0868647,0.133843
od1,1221,0.909091,0.090909,0,5,156.23,1,4,70.4593,0.4927,0.4927,4.46037e-07,-143446,-161068,-181533,-181533,3.29542e+10,0.00349077,-158626,-189169,-147072,-147072,2.163e+10,0.00345222,-124854,-154478,-147072,-144155,-123012,1.26551,0.810164,2.93854,3.71876,3.0128
od1,1221,0.909091,0.090909,0,6,180.48,1,7,163.119,0.997485,0.997485,5.26794e-08,65177.5,63409.4,67634.4,67634.4,4.57441e+09,0,100930,56535.7,66462.4,66462.4,4.41725e+09,0,93033.1,57605.5,66462.4,65263.9,91893.1,1.0377,0.982672,-1.00049,-1.0382,-1.02021
od1,1221,0.909091,0.090909,0,7,191.851,1,6,155.037,0.602219,0.602219,7.9616e-10,-7565.82,-7575.97,-8983.66,-8983.66,8.07061e+07,0,-6679.55,-9751.69,-15308.4,-15308.4,2.34348e+08,0,-9652.44,-17193.7,-15308.4,-15488.7,-9706.62,1.1874,1.70403,0.102777,0.122038,0.207956
od1,1221,0.909091,0.090909,0,8,214.501,1,8,177.846,0.796019,0.796019,1.24825e-06,-282428,-283488,-398840,-398840,1.59073e+11,0,-262607,-444251,-418837,-418837,1.75424e+11,0,-271560,-467929,-418837,-420953,-272557,1.41218,1.05014,3.06915,4.3342,4.5515
od1,1221,0.909091,0.090909,0,9,250.776,1,9,225.891,0.997625,0.997625,4.43942e-08,123315,123055,110441,110441,1.21973e+10,0,112646,109706,136924,136924,1.87482e+10,0,142515,135061,136924,135764,141119,0.895602,1.23979,-0.980422,-0.878068,-1.08862
od1,1221,0.909091,0.090909,0,10,259.991,1,10,236.735,1,1,1.29979e-10,6970.78,6970.84,6970.78,6970.78,4.85918e+07,0,6247.09,7212.01,4429.59,4429.59,1.96212e+07,0,6755.34,3654.34,4429.59,4429.59,6755.34,1,0.635451,-0.0515626,-0.0515626,-0.0327655
od1,1221,0.909091,0.090909,0,11,268.21,1,11,245.989,0.999683,0.999683,1.74971e-08,-84176.6,-83932.9,-83164.2,-83164.2,6.91629e+09,0,-88240.3,-81472.2,-141521,-141521,2.00281e+10,0,-133602,-144160,-141521,-141429,-133106,0.987973,1.7017,0.585075,0.578038,0.983648
od1,1221,0.909091,0.090909,0,12,458.833,1,12,452.628,0.999167,0.999167,8.84938e-09,-210215,-209553,-210790,-210790,4.44323e+10,0,-159858,-227767,-288186,-288186,8.3051e+10,0,-219956,-310929,-288186,-287542,-219595,1.00274,1.36717,0.499257,0.500623,0.684438
od1,1221,0.909091,0.090909,0,13,541.841,1,13,530.568,0.996192,0.996192,1.26512e-12,5858.41,5912.75,6595.58,6595.58,4.35017e+07,0.000630186,2979.23,7801.03,-6613.95,-6613.95,4.37444e+07,6.86813e-05,-4329.67,-7375.38,-6613.95,-6620.56,-4332.67,1.12583,-1.00279,-0.00997715,-0.0112326,0.0112639
od1,1221,0.909091,0.090909,0,14,545.296,1,14,534.15,0.996195,0.996195,1.81741e-09,226649,227140,231502,231502,5.35934e+10,0.000630186,344910,193700,196697,196697,3.86895e+10,6.86813e-05,328784,152667,196697,196787,329213,1.02141,0.849652,-0.381118,-0.389279,-0.330752
od1,1221,0.909091,0.090909,0,15,788.34,1,15,766.291,0.999343,0.999343,2.30199e-09,-810290,-810424,-808606,-808606,6.53844e+11,0,-609922,-874834,-842269,-842269,7.09417e+11,0,-619749,-916442,-842269,-842448,-619888,0.997922,1.04163,0.651904,0.65055,0.677633
od1,231,0.090909,0.909091,0,1,47.7732,1,3,64.5132,0.642333,0.642333,3.42942e-08,-2362.78,-2661.67,1437.53,1437.53,2.0665e+06,0.000681171,3249.69,833.48,-1928.57,-1928.57,3.71937e+06,0.000383703,1605.81,-3106.69,-1928.57,-1959.09,1568.57,-0.608406,-1.34158,0.517637,-0.314934,0.422509
od1,231,0.090909,0.909091,0,2,49.5938,1,2,20.789,0.609297,0.609297,3.97482e-05,-191126,-172677,-28607.6,-28607.6,8.18396e+08,0.000681171,-15426.6,-33001.3,-27434.5,-27434.5,7.52654e+08,0.000383703,-14232.8,-31835.1,-27434.5,-27164.6,-14109.8,0.149679,0.958994,38.854,5.81563,5.57716
od1,231,0.090909,0.909091,0,3,84.5006,1,5,82.4338,0.997647,0.997647,9.94913e-08,9183.04,10178.4,4604.8,4604.8,2.12042e+07,0,9041.11,3126.04,418.801,418.801,175394,0,6801.37,-1708.72,418.807,1060.75,7222.83,0.501447,0.0909486,-0.643038,-0.322449,-0.0293263
od1,231,0.090909,0.909091,0,4,154.312,1,6,155.037,0.396052,0.396052,1.1752e-11,-7565.82,-7575.97,-4136.88,-4136.88,1.71137e+07,0.00349077,-5328.63,-3739.62,-6374.16,-6374.16,4.063e+07,0.00345222,-5226.47,-6756.73,-6374.16,-6156.72,-5132.05,0.546785,1.54082,0.158865,0.0868647,0.133843
od1,231,0.090909,0.909091,0,5,156.23,1,4,70.4593,0.4927,0.4927,4.46037e-07,-143446,-161068,-181533,-181533,3.29542e+10,0.00349077,-158626,-189169,-147072,-147072,2.163e+10,0.00345222,-124854,-154478,-147072,-144155,-123012,1.26551,0.810164,2.93854,3.71876,3.0128
od1,231,0.090909,0.909091,0,6,180.48,1,7,163.119,0.997485,0.997485,5.26794e-08,65177.5,63409.4,67634.4,67634.4,4.57441e+09,0,100930,56535.7,66462.4,66462.4,4.41725e+09,0,93033.1,57605.5,66462.4,65263.9,91893.1,1.0377,0.982672,-1.00049,-1.0382,-1.02021
od1,231,0.090909,0.909091,0,7,191.851,1,6,155.037,0.602219,0.602219,7.9616e-10,-7565.82,-7575.97,-8983.66,-8983.66,8.07061e+07,0,-6679.55,-9751.69,-15308.4,-15308.4,2.34348e+08,0,-9652.44,-17193.7,-15308.4,-15488.7,-9706.62,1.1874,1.70403,0.102777,0.122038,0.207956
od1,231,0.090909,0.909091,0,8,214.501,1,8,177.846,0.796019,0.796019,1.24825e-06,-282428,-283488,-398840,-398840,1.59073e+11,0,-262607,-444251,-418837,-418837,1.75424e+11,0,-271560,-467929,-418837,-420953,-272557,1.41218,1.05014,3.06915,4.3342,4.5515
od1,231,0.090909,0.909091,0,9,250.776,1,9,225.891,0.997625,0.997625,4.43942e-08,123315,123055,110441,110441,1.21973e+10,0,112646,109706,136924,136924,1.87482e+10,0,142515,135061,136924,135764,141119,0.895602,1.23979,-0.980422,-0.878068,-1.08862
od1,231,0.090909,0.909091,0,10,259.991,1,10,236.735,1,1,1.29979e-10,6970.78,6970.84,6970.78,6970.78,4.85918e+07,0,6247.09,7212.01,4429.59,4429.59,1.96212e+07,0,6755.34,3654.34,4429.59,4429.59,6755.34,1,0.635451,-0.0515626,-0.0515626,-0.0327655
od1,231,0.090909,0.909091,0,11,268.21,1,11,245.989,0.999683,0.999683,1.74971e-08,-84176.6,-83932.9,-83164.2,-83164.2,6.91629e+09,0,-88240.3,-81472.2,-141521,-141521,2.00281e+10,0,-133602,-144160,-141521,-141429,-133106,0.987973,1.7017,0.585075,0.578038,0.983648
od1,231,0.090909,0.909091,0,12,458.833,1,12,452.628,0.999167,0.999167,8.84938e-09,-210215,-209553,-210790,-210790,4.44323e+10,0,-159858,-227767,-288186,-288186,8.3051e+10,0,-219956,-310929,-288186,-287542,-219595,1.00274,1.36717,0.499257,0.500623,0.684438
od1,231,0.090909,0.909091,0,13,541.841,1,13,530.568,0.996192,0.996192,1.26512e-12,5858.41,5912.75,6595.58,6595.58,4.35017e+07,0.000630186,2979.23,7801.03,-6613.95,-6613.95,4.37444e+07,6.8682e-05,-4329.67,-7375.38,-6613.95,-6620.56,-4332.67,1.12583,-1.00279,-0.00997715,-0.0112326,0.0112639
od1,231,0.090909,0.909091,0,14,545.296,1,14,534.15,0.996195,0.996195,1.81741e-09,226649,227140,231502,231502,5.35934e+10,0.000630186,344910,193700,196697,196697,3.86895e+10,6.8682e-05,328784,152667,196697,196787,329213,1.02141,0.849652,-0.381118,-0.389279,-0.330752
od1,231,0.090909,0.909091,0,15,788.34,1,15,766.291,0.999343,0.999343,2.30199e-09,-810290,-810424,-808606,-808606,6.53844e+11,0,-609922,-874834,-842269,-842269,7.09417e+11,0,-619749,-916442,-842269,-842448,-619888,0.997922,1.04163,0.651904,0.65055,0.677633
od1,132,0.090909,0.090909,0,1,47.7732,1,3,64.5132,0.642333,0.642333,5.20211e-08,2962.1,3278.19,-1431.37,-1431.37,2.04883e+06,2.08137e-09,-3262.86,-820.876,2058.15,2058.15,4.23598e+06,0.00286111,-1503.64,3245.42,2058.15,2091.05,-1471.69,-0.48323,-1.43789,-0.648934,0.313584,-0.450898
od1,132,0.090909,0.090909,0,2,49.5938,1,2,20.789,0.609297,0.609297,3.92203e-05,190041,171527,29351.2,29351.2,8.61495e+08,2.08137e-09,15850.4,33851.5,28120.5,28120.5,7.90761e+08,0.00286111,14599.7,32627.4,28120.5,27767.1,14426.6,0.154447,0.958068,-38.6334,-5.9668,-5.7166
od1,132,0.090909,0.090909,0,3,84.5006,1,5,82.4338,0.997647,0.997647,8.8902e-08,-8774.39,-9621.5,-4147.65,-4147.65,1.7203e+07,0,-10402.6,-2062.66,-152.266,-152.266,23184.9,0,-8313.1,2568.01,-152.272,-672.847,-8681.43,0.472699,0.0367114,0.614422,0.290437,0.0106623
od1,132,0.090909,0.090909,0,4,154.312,1,6,155.037,0.396052,0.396052,3.83735e-12,7204.06,7223.43,4771.94,4771.94,2.27714e+07,2.37933e-09,5089.25,4666.17,11628.1,11628.1,1.35214e+08,0.00437082,9789.19,12241.1,11628.1,11312.5,9628.92,0.662396,2.43678,-0.151268,-0.1002,-0.244164
od1,132,0.090909,0.090909,0,5,156.23,1,4,70.4593,0.4927,0.4927,4.56555e-07,145575,162956,182534,182534,3.33186e+10,2.37933e-09,158278,190619,147789,147789,2.18416e+10,0.00437082,125243,155304,147789,144902,123421,1.25388,0.809652,-2.98215,-3.73926,-3.0275
od1,132,0.090909,0.090909,0,6,180.48,1,7,163.119,0.997485,0.997485,5.19474e-08,-64757.4,-62967.3,-67267.2,-67267.2,4.52487e+09,0,-101631,-55812.5,-66429.4,-66429.4,4.41286e+09,0,-93625.8,-57363.9,-66429.4,-65241.5,-92478.2,1.03876,0.987545,0.994039,1.03256,1.0197
od1,132,0.090909,0.090909,0,7,191.851,1,6,155.037,0.602219,0.602219,7.23787e-10,7204.06,7223.43,8289.09,8289.09,6.8709e+07,0,6923.48,8744.29,15739.2,15739.2,2.47722e+08,0,10731,17408.6,15739.2,16015.1,10865.1,1.15061,1.89878,-0.0978629,-0.112602,-0.213808
od1,132,0.090909,0.090909,0,8,214.501,1,8,177.846,0.796019,0.796019,1.21264e-06,278032,279414,394002,394002,1.55237e+11,0,260708,438433,414060,414060,1.71446e+11,0,269520,462240,414060,416226,270626,1.41711,1.05091,-3.02138,-4.28162,-4.49959
od1,132,0.090909,0.090909,0,9,250.776,1,9,225.891,0.997625,0.997625,4.3836e-08,-122592,-122278,-109672,-109672,1.2028e+10,0,-113064,-108542,-136177,-136177,1.85442e+10,0,-141249,-134487,-136177,-134949,-139864,0.89461,1.24167,0.974675,0.871953,1.08268
od1,132,0.090909,0.090909,0,10,259.991,1,10,236.735,1,1,8.79665e-11,-5734.69,-5734.65,-5734.69,-5734.69,3.28867e+07,0,-6590.8,-5449.32,2678.93,2678.93,7.17668e+06,0,-452.723,3722.82,2678.93,2678.93,-452.723,1,-0.467145,0.0424193,0.0424193,-0.019816
od1,132,0.090909,0.090909,0,11,268.21,1,11,245.989,0.999683,0.999683,1.82014e-08,86034.9,85605.5,85073.8,85073.8,7.23755e+09,0,86360.2,84645,143415,143415,2.0568e+10,0,133374,146762,143415,143194,132763,0.988829,1.68578,-0.597991,-0.591311,-0.996818
od1,132,0.090909,0.090909,0,12,458.833,1,12,452.628,0.999167,0.999167,9.09801e-09,213112,212476,213693,213693,4.56648e+10,0,159081,231897,290245,290245,8.42422e+10,0,219004,313992,290245,289635,218693,1.00273,1.35823,-0.506138,-0.507519,-0.689328
od1,132,0.090909,0.090909,0,13,541.841,1,13,530.568,0.996192,0.996192,6.85947e-13,-4299.53,-4353.79,-5046.35,-5046.35,2.54656e+07,6.82222e-10,-3851.05,-5444.78,10427.5,10427.5,1.08734e+08,0.00483677,3137.36,12857.6,10427.5,10434.4,3131.61,1.1737,-2.06636,0.00732229,0.00859416,-0.0177586
od1,132,0.090909,0.090909,0,14,545.296,1,14,534.15,0.996195,0.996195,1.88139e-09,-230543,-231104,-235701,-235701,5.5555e+10,6.82222e-10,-346478,-198775,-205517,-205517,4.22372e+10,0.00483677,-336423,-161881,-205517,-205671,-336918,1.02237,0.871938,0.387666,0.39634,0.345584
od1,132,0.090909,0.090909,0,15,788.34,1,15,766.291,0.999343,0.999343,2.30409e-09,810670,810792,808932,808932,6.54371e+11,0,610991,874912,837822,837822,7.01946e+11,0,614278,912337,837822,837985,614421,0.997857,1.03571,-0.65221,-0.650812,-0.674055
od1,1320,0.909091,0.909091,0,1,47.7732,1,3,64.5132,0.642333,0.642333,5.20211e-08,2962.1,3278.19,-1431.37,-1431.37,2.04883e+06,5.53479e-10,-3262.86,-820.876,2058.15,2058.15,4.23598e+06,0.00286112,-1503.64,3245.42,2058.15,2091.05,-1471.69,-0.48323,-1.43789,-0.648934,0.313584,-0.450898
od1,1320,0.909091,0.909091,0,2,49.5938,1,2,20.789,0.609297,0.609297,3.92203e-05,190041,171527,29351.2,29351.2,8.61495e+08,5.53479e-10,15850.4,33851.5,28120.5,28120.5,7.90761e+08,0.00286112,14599.7,32627.4,28120.5,27767.1,14426.6,0.154447,0.958068,-38.6334,-5.9668,-5.7166
od1,1320,0.909091,0.909091,0,3,84.5006,1,5,82.4338,0.997647,0.997647,8.8902e-08,-8774.39,-9621.5,-4147.65,-4147.65,1.7203e+07,0,-10402.6,-2062.66,-152.266,-152.266,23184.9,0,-8313.1,2568.01,-152.272,-672.847,-8681.43,0.472699,0.0367114,0.614422,0.290437,0.0106623
od1,1320,0.909091,0.909091,0,4,154.312,1,6,155.037,0.396052,0.396052,3.83735e-12,7204.06,7223.43,4771.94,4771.94,2.27714e+07,3.99964e-09,5089.25,4666.17,11628.1,11628.1,1.35214e+08,0.00437081,9789.19,12241.1,11628.1,11312.5,9628.92,0.662396,2.43678,-0.151268,-0.1002,-0.244164
od1,1320,0.909091,0.909091,0,5,156.23,1,4,70.4593,0.4927,0.4927,4.56555e-07,145575,162956,182534,182534,3.33186e+10,3.99964e-09,158278,190619,147789,147789,2.18416e+10,0.00437081,125243,155304,147789,144902,123421,1.25388,0.809652,-2.98215,-3.73926,-3.0275
od1,1320,0.909091,0.909091,0,6,180.48,1,7,163.119,0.997485,0.997485,5.19474e-08,-64757.4,-62967.3,-67267.2,-67267.2,4.52487e+09,0,-101631,-55812.5,-66429.4,-66429.4,4.41286e+09,0,-93625.8,-57363.9,-66429.4,-65241.5,-92478.2,1.03876,0.987545,0.994039,1.03256,1.0197
od1,1320,0.909091,0.909091,0,7,191.851,1,6,155.037,0.602219,0.602219,7.23787e-10,7204.06,7223.43,8289.09,8289.09,6.8709e+07,0,6923.48,8744.29,15739.2,15739.2,2.47722e+08,0,10731,17408.6,15739.2,16015.1,10865.1,1.15061,1.89878,-0.0978629,-0.112602,-0.213808
od1,1320,0.909091,0.909091,0,8,214.501,1,8,177.846,0.796019,0.796019,1.21264e-06,278032,279414,394002,394002,1.55237e+11,0,260708,438433,414060,414060,1.71446e+11,0,269520,462240,414060,416226,270626,1.41711,1.05091,-3.02138,-4.28162,-4.49959
od1,1320,0.909091,0.909091,0,9,250.776,1,9,225.891,0.997625,0.997625,4.3836e-08,-122592,-122278,-109672,-109672,1.2028e+10,0,-113064,-108542,-136177,-136177,1.85442e+10,0,-141249,-134487,-136177,-134949,-139864,0.89461,1.24167,0.974675,0.871953,1.08268
od1,1320,0.909091,0.909091,0,10,259.991,1,10,236.735,1,1,8.79665e-11,-5734.69,-5734.65,-5734.69,-5734.69,3.28867e+07,0,-6590.8,-5449.32,2678.93,2678.93,7.17668e+06,0,-452.723,3722.82,2678.93,2678.93,-452.723,1,-0.467145,0.0424193,0.0424193,-0.019816
od1,1320,0.909091,0.909091,0,11,268.21,1,11,245.989,0.999683,0.999683,1.82014e-08,86034.9,85605.5,85073.8,85073.8,7.23755e+09,0,86360.2,84645,143415,143415,2.0568e+10,0,133374,146762,143415,143194,132763,0.988829,1.68578,-0.597991,-0.591311,-0.996818
od1,1320,0.909091,0.909091,0,12,458.833,1,12,452.628,0.999167,0.999167,9.09801e-09,213112,212476,213693,213693,4.56648e+10,0,159081,231897,290245,290245,8.42422e+10,0,219004,313992,290245,289635,218693,1.00273,1.35823,-0.506138,-0.507519,-0.689328
od1,1320,0.909091,0.909091,0,13,541.841,1,13,530.568,0.996192,0.996192,6.85947e-13,-4299.53,-4353.79,-5046.35,-5046.35,2.54656e+07,7.19323e-10,-3851.05,-5444.78,10427.5,10427.5,1.08734e+08,0.00483678,3137.36,12857.6,10427.5,10434.4,3131.61,1.1737,-2.06636,0.00732229,0.00859416,-0.0177586
od1,1320,0.909091,0.909091,0,14,545.296,1,14,534.15,0.996195,0.996195,1.88139e-09,-230543,-231104,-235701,-235701,5.5555e+10,7.19323e-10,-346478,-198775,-205517,-205517,4.22372e+10,0.00483678,-336423,-161881,-205517,-205671,-336918,1.02237,0.871938,0.387666,0.39634,0.345584
od1,1320,0.909091,0.909091,0,15,788.34,1,15,766.291,0.999343,0.999343,2.30409e-09,810670,810792,808932,808932,6.54371e+11,0,610991,874912,837822,837822,7.01946e+11,0,614278,912337,837822,837985,614421,0.997857,1.03571,-0.65221,-0.650812,-0.674055
od1,1231,0.909091,0.090909,0.909091,1,58.139,2,2,35.787,0.715976,0.743821,1.84084e-07,18270.8,15708,-7939.69,-26804,7.21181e+08,0,-16134.6,-30360.4,-11297.4,-24240.9,6.36381e+08,0,-14059.6,-27634.7,-24240.9,-23842,-13866.4,-1.46704,0.904377,-2.70266,3.96491,3.58577
od1,1231,0.909091,0.090909,0.909091,2,58.139,2,1,35.787,0.715976,0.743821,1.06623e-05,-127489,-119547,-20515.9,-1651.58,7.21181e+08,0,-225.809,-2126.84,-19926.4,-6982.84,6.36381e+08,0,-2809.85,-8373.84,-6982.85,-6923.32,-2758.96,0.0129547,4.22796,18.8585,0.244307,1.03292
od1,1231,0.909091,0.090909,0.909091,3,101.093,1,5,97.7041,0.992382,0.992382,2.12876e-07,20915.4,21698,15266.1,15266.1,2.33054e+08,0,17533.5,14510.3,12819.7,12819.7,1.64344e+08,0,15624.4,11884.8,12819.7,13272.6,15972.1,0.729896,0.839748,-1.02327,-0.746884,-0.627194
od1,1231,0.909091,0.090909,0.909091,4,160.524,2,4,86.996,0.314823,0.578189,3.04749e-08,41654.1,44346.2,-6350.39,-148742,2.38146e+10,0,-138278,-152230,-9904.61,-115834,1.40629e+10,0,-106591,-118915,-115834,-113907,-104999,-3.57089,0.778757,-0.808251,2.88618,2.24763
od1,1231,0.909091,0.090909,0.909091,5,160.524,2,3,86.996,0.314823,0.578189,3.30233e-07,-138800,-145981,-101278,41113.5,2.38146e+10,0,48025.9,38809.3,-80524.3,25405.1,1.40629e+10,0,35374.6,22082,25405.1,24500.7,34381.1,-0.296207,0.617927,2.69326,-0.797761,-0.492959
od1,1231,0.909091,0.090909,0.909091,6,178.663,1,6,162.918,0.99202,0.99202,1.29602e-08,32040.3,30854.1,37826.2,37826.2,1.43082e+09,0,54968.8,32112,40230.7,40230.7,1.61851e+09,0,52193.2,36243.1,40230.7,40189.4,52348.9,1.18058,1.06357,-0.501879,-0.59251,-0.630173
od1,1231,0.909091,0.090909,0.909091,7,214.941,2,7,176.912,0.421778,0.762758,9.46999e-07,-243681,-244205,-40919.3,-324979,1.08502e+11,0,-224208,-358569,-53244.5,-346057,1.21723e+11,0,-233838,-383463,-346057,-347316,-234324,1.33362,1.06486,2.63725,3.5171,3.74522
od1,1231,0.909091,0.090909,0.909091,8,214.941,2,8,176.912,0.421778,0.762758,2.20059e-08,37296.3,37226.3,-230293,53766.6,1.08502e+11,0,45206.7,56619.9,-248453,44359.1,1.21723e+11,0,39757.1,45893.2,44359.1,44530.9,39636.3,1.44161,0.825032,-0.403641,-0.581892,-0.480079
od1,1231,0.909091,0.090909,0.909091,9,244.995,1,9,219.979,1,1,2.15195e-08,83722.5,83160.6,83722.5,83722.5,7.00945e+09,0,76018.5,86290.5,94956,94956,9.01664e+09,0,93295,95509.7,94956,94054.2,90648.4,1,1.13418,-0.697426,-0.697426,-0.791004
od1,1231,0.909091,0.090909,0.909091,10,273.388,2,11,251.58,0.549735,0.99657,2.59735e-09,33167.7,32968.2,-1125.17,-56534.4,3.49697e+09,0,-71314.1,-51607.8,-7901.52,-117253,1.45633e+10,0,-115673,-117780,-117253,-117296,-115314,-1.7045,2.07401,-0.221885,0.378203,0.784397
od1,1231,0.909091,0.090909,0.909091,11,273.388,2,10,251.58,0.549735,0.99657,9.36683e-09,-62692.1,-62607.5,-38064.5,17344.7,3.49697e+09,0,28099.7,13759.7,-80802.2,28549.2,1.45633e+10,0,40252.2,24648.2,28549.2,28188.4,41164.4,-0.276665,1.64599,0.419396,-0.116032,-0.190988
od1,1231,0.909091,0.090909,0.909091,12,459.9,1,12,453.745,0.999171,0.999171,2.37683e-09,-109564,-109150,-109410,-109410,1.19707e+10,0,-87805.7,-116612,-157507,-157507,2.48083e+10,0,-124686,-168447,-157507,-157079,-124189,0.998597,1.43959,0.259007,0.258644,0.372342
od1,1231,0.909091,0.090909,0.909091,13,543.721,2,13,532.515,0.864495,0.996102,1.25833e-09,-192114,-192228,165435,-194279,1.19163e+11,0,-176252,-200288,130474,-233375,1.17846e+11,0,-198219,-245094,-233375,-233415,-198478,1.01127,1.20124,0.32492,0.328582,0.394704
od1,1231,0.909091,0.090909,0.909091,14,543.721,2,14,532.515,0.864495,0.996102,2.66e-09,278961,279486,-74374.7,285339,1.19163e+11,0,372297,256354,-112092,251757,1.17846e+11,0,357568,216486,251757,251952,358003,1.02286,0.882307,-0.471803,-0.482591,-0.425793
od1,1231,0.909091,0.090909,0.909091,15,787.323,1,15,766.035,0.999284,0.999284,8.14041e-10,-480945,-480985,-481235,-481235,2.31588e+11,0,-377804,-515713,-501063,-501063,2.51064e+11,0,-385083,-539723,-501063,-501146,-385121,1.0006,1.0412,0.387935,0.388169,0.404163
od1,1222,0.909091,0.090909,0.090909,1,58.139,2,1,35.787,0.739734,0.743821,1.06623e-05,-127489,-119547,-7939.68,-26804,7.21181e+08,0,-16134.6,-30360.4,-11297.4,-24240.9,6.36381e+08,0,-14059.6,-27634.7,-24240.9,-23842,-13866.4,0.210245,0.904377,18.8585,3.96491,3.58577
od1,1222,0.909091,0.090909,0.090909,2,58.139,2,2,35.787,0.739734,0.743821,1.84084e-07,18270.8,15708,-20515.9,-1651.58,7.21181e+08,0,-225.809,-2126.84,-19926.4,-6982.85,6.36381e+08,0,-2809.85,-8373.85,-6982.84,-6923.33,-2758.96,-0.0903948,4.22797,-2.70266,0.244307,1.03292
od1,1222,0.909091,0.090909,0.090909,3,101.093,1,5,97.7041,0.992382,0.992382,2.12876e-07,20915.4,21698,15266.1,15266.1,2.33054e+08,0,17533.5,14510.3,12819.7,12819.7,1.64344e+08,0,15624.4,11884.8,12819.7,13272.6,15972.1,0.729896,0.839748,-1.02327,-0.746884,-0.627194
od1,1222,0.909091,0.090909,0.090909,4,160.524,2,3,86.996,0.523035,0.578189,3.30233e-07,-138800,-145981,-6350.48,-148742,2.38146e+10,0,-138278,-152230,-9904.73,-115834,1.40629e+10,0,-106591,-118915,-115834,-113907,-104999,1.07163,0.778757,2.69326,2.88618,2.24763
od1,1222,0.909091,0.090909,0.090909,5,160.524,2,4,86.996,0.523035,0.578189,3.04749e-08,41654.1,44346.2,-101278,41113.5,2.38146e+10,0,48025.9,38809.3,-80524.3,25405.1,1.40629e+10,0,35374.6,22081.9,25405.1,24500.7,34381.1,0.987022,0.617926,-0.808251,-0.797761,-0.492958
od1,1222,0.909091,0.090909,0.090909,6,178.663,1,6,162.918,0.99202,0.99202,1.29602e-08,32040.3,30854.1,37826.2,37826.2,1.43082e+09,0,54968.8,32112,40230.7,40230.7,1.61851e+09,0,52193.2,36243.1,40230.6,40189.4,52348.9,1.18058,1.06357,-0.501879,-0.59251,-0.630173
od1,1222,0.909091,0.090909,0.090909,7,214.941,2,7,176.912,0.659719,0.762758,9.46999e-07,-243681,-244205,-40919.4,-324979,1.08502e+11,0,-224208,-358569,-53244.6,-346057,1.21723e+11,0,-233838,-383463,-346057,-347316,-234324,1.33362,1.06486,2.63725,3.5171,3.74522
od1,1222,0.909091,0.090909,0.090909,8,214.941,2,8,176.912,0.659719,0.762758,2.20059e-08,37296.3,37226.3,-230293,53766.6,1.08502e+11,0,45206.7,56619.9,-248453,44359.1,1.21723e+11,0,39757.1,45893.1,44359.1,44530.8,39636.3,1.44161,0.825031,-0.403641,-0.581892,-0.480079
od1,1222,0.909091,0.090909,0.090909,9,244.995,1,9,219.979,1,1,2.15195e-08,83722.5,83160.6,83722.5,83722.5,7.00945e+09,0,76018.5,86290.5,94956,94956,9.01664e+09,0,93295,95509.7,94956,94054.2,90648.4,1,1.13418,-0.697426,-0.697426,-0.791004
od1,1222,0.909091,0.090909,0.090909,10,273.388,2,10,251.58,0.883835,0.99657,9.36683e-09,-62692.1,-62607.5,-1125.09,-56534.4,3.49697e+09,0,-71314.1,-51607.8,-7901.37,-117253,1.45633e+10,0,-115673,-117780,-117253,-117296,-115314,0.901778,2.07401,0.419396,0.378203,0.784397
od1,1222,0.909091,0.090909,0.090909,11,273.388,2,11,251.58,0.883835,0.99657,2.59735e-09,33167.7,32968.2,-38064.6,17344.7,3.49697e+09,0,28099.7,13759.7,-80802.4,28549.2,1.45633e+10,0,40252.2,24648.2,28549.2,28188.4,41164.4,0.52294,1.64599,-0.221885,-0.116032,-0.190988
od1,1222,0.909091,0.090909,0.090909,12,459.9,1,12,453.745,0.999171,0.999171,2.37683e-09,-109564,-109150,-109410,-109410,1.19707e+10,0,-87805.7,-116612,-157507,-157507,2.48083e+10,0,-124686,-168447,-157507,-157079,-124189,0.998597,1.43959,0.259007,0.258644,0.372342
od1,1222,0.909091,0.090909,0.090909,13,543.721,2,13,532.515,0.99574,0.996102,1.25833e-09,-192114,-192228,165435,-194279,1.19163e+11,0,-176252,-200288,130474,-233375,1.17846e+11,0,-198219,-245094,-233375,-233415,-198478,1.01127,1.20124,0.32492,0.328582,0.394704
od1,1222,0.909091,0.090909,0.090909,14,543.721,2,14,532.515,0.99574,0.996102,2.66e-09,278961,279486,-74375,285339,1.19163e+11,0,372297,256354,-112093,251757,1.17846e+11,0,357568,216487,251757,251952,358003,1.02286,0.882307,-0.471803,-0.482591,-0.425793
od1,1222,0.909091,0.090909,0.090909,15,787.323,1,15,766.035,0.999284,0.999284,8.14041e-10,-480945,-480985,-481235,-481235,2.31588e+11,0,-377804,-515713,-501063,-501063,2.51064e+11,0,-385083,-539723,-501063,-501146,-385121,1.0006,1.0412,0.387935,0.388169,0.404163
od1,241,0.090909,0.909091,0.909091,1,58.139,2,1,35.787,0.65199,0.743821,1.06623e-05,-127489,-119547,-7939.67,-26804,7.21181e+08,0,-16134.6,-30360.4,-11297.3,-24240.9,6.36381e+08,0,-14059.6,-27634.7,-24240.9,-23842,-13866.4,0.210245,0.904377,18.8585,3.96491,3.58577
od1,241,0.090909,0.909091,0.909091,2,58.139,2,2,35.787,0.65199,0.743821,1.84084e-07,18270.8,15708,-20515.9,-1651.58,7.21181e+08,0,-225.809,-2126.84,-19926.4,-6982.85,6.36381e+08,0,-2809.85,-8373.85,-6982.84,-6923.33,-2758.96,-0.0903948,4.22797,-2.70266,0.244307,1.03292
od1,241,0.090909,0.909091,0.909091,3,101.093,1,5,97.7041,0.992382,0.992382,2.12876e-07,20915.4,21698,15266.1,15266.1,2.33054e+08,0,17533.5,14510.3,12819.7,12819.7,1.64344e+08,0,15624.4,11884.8,12819.7,13272.6,15972.1,0.729896,0.839748,-1.02327,-0.746884,-0.627194
od1,241,0.090909,0.909091,0.909091,4,160.524,2,3,86.996,0.39798,0.578189,3.30233e-07,-138800,-145981,-6350.45,-148742,2.38146e+10,0,-138278,-152230,-9904.71,-115834,1.40629e+10,0,-106591,-118915,-115834,-113907,-104999,1.07163,0.778757,2.69326,2.88618,2.24763
od1,241,0.090909,0.909091,0.909091,5,160.524,2,4,86.996,0.39798,0.578189,3.04749e-08,41654.1,44346.2,-101278,41113.5,2.38146e+10,0,48025.9,38809.3,-80524.3,25405.1,1.40629e+10,0,35374.6,22081.9,25405.1,24500.7,34381.1,0.987022,0.617926,-0.808251,-0.797761,-0.492958
od1,241,0.090909,0.909091,0.909091,6,178.663,1,6,162.918,0.99202,0.99202,1.29602e-08,32040.3,30854.1,37826.2,37826.2,1.43082e+09,0,54968.8,32112,40230.7,40230.7,1.61851e+09,0,52193.2,36243.1,40230.6,40189.4,52348.9,1.18058,1.06357,-0.501879,-0.59251,-0.630173
od1,241,0.090909,0.909091,0.909091,7,214.941,2,7,176.912,0.742788,0.762758,9.46999e-07,-243681,-244205,-40919.3,-324979,1.08502e+11,0,-224208,-358569,-53244.5,-346057,1.21723e+11,0,-233838,-383463,-346057,-347316,-234324,1.33362,1.06486,2.63725,3.5171,3.74522
od1,241,0.090909,0.909091,0.909091,8,214.941,2,8,176.912,0.742788,0.762758,2.20059e-08,37296.3,37226.3,-230293,53766.6,1.08502e+11,0,45206.7,56619.9,-248453,44359.1,1.21723e+11,0,39757.1,45893.1,44359.1,44530.8,39636.3,1.44161,0.825031,-0.403641,-0.581892,-0.480079
od1,241,0.090909,0.909091,0.909091,9,244.995,1,9,219.979,1,1,2.15195e-08,83722.5,83160.6,83722.5,83722.5,7.00945e+09,0,76018.5,86290.5,94956,94956,9.01664e+09,0,93295,95509.7,94956,94054.2,90648.4,1,1.13418,-0.697426,-0.697426,-0.791004
od1,241,0.090909,0.909091,0.909091,10,273.388,2,11,251.58,0.951372,0.99657,2.59735e-09,33167.7,32968.2,-1125.08,-56534.4,3.49697e+09,0,-71314.1,-51607.8,-7901.35,-117253,1.45633e+10,0,-115673,-117780,-117253,-117296,-115314,-1.7045,2.07401,-0.221885,0.378203,0.784397
od1,241,0.090909,0.909091,0.909091,11,273.388,2,10,251.58,0.951372,0.99657,9.36683e-09,-62692.1,-62607.5,-38064.6,17344.7,3.49697e+09,0,28099.7,13759.7,-80802.4,28549.2,1.45633e+10,0,40252.2,24648.2,28549.2,28188.4,41164.4,-0.276665,1.64599,0.419396,-0.116032,-0.190988
od1,241,0.090909,0.909091,0.909091,12,459.9,1,12,453.745,0.999171,0.999171,2.37683e-09,-109564,-109150,-109410,-109410,1.19707e+10,0,-87805.7,-116612,-157507,-157507,2.48083e+10,0,-124686,-168447,-157507,-157079,-124189,0.998597,1.43959,0.259007,0.258644,0.372342
od1,241,0.090909,0.909091,0.909091,13,543.721,2,13,532.515,0.959198,0.996102,1.25833e-09,-192114,-192228,165435,-194279,1.19163e+11,0,-176252,-200288,130474,-233375,1.17846e+11,0,-198219,-245094,-233375,-233415,-198478,1.01127,1.20124,0.32492,0.328582,0.394704
od1,241,0.090909,0.909091,0.909091,14,543.721,2,14,532.515,0.959198,0.996102,2.66e-09,278961,279486,-74375,285339,1.19163e+11,0,372297,256354,-112093,251757,1.17846e+11,0,357568,216487,251757,251952,358003,1.02286,0.882307,-0.471803,-0.482591,-0.425793
od1,241,0.090909,0.909091,0.909091,15,787.323,1,15,766.035,0.999284,0.999284,8.14041e-10,-480945,-480985,-481235,-481235,2.31588e+11,0,-377804,-515713,-501063,-501063,2.51064e+11,0,-385083,-539723,-501063,-501146,-385121,1.0006,1.0412,0.387935,0.388169,0.404163
od1,232,0.090909,0.909091,0.090909,1,58.139,2,2,35.787,0.563143,0.743821,1.84084e-07,18270.8,15708,-7939.66,-26804,7.21181e+08,0,-16134.6,-30360.4,-11297.3,-24240.9,6.36381e+08,0,-14059.6,-27634.7,-24240.9,-23842,-13866.4,-1.46704,0.904377,-2.70266,3.96491,3.58577
od1,232,0.090909,0.909091,0.090909,2,58.139,2,1,35.787,0.563143,0.743821,1.06623e-05,-127489,-119547,-20515.9,-1651.58,7.21181e+08,0,-225.809,-2126.84,-19926.4,-6982.84,6.36381e+08,0,-2809.85,-8373.84,-6982.85,-6923.32,-2758.96,0.0129547,4.22796,18.8585,0.244307,1.03292
od1,232,0.090909,0.909091,0.090909,3,101.093,1,5,97.7041,0.992382,0.992382,2.12876e-07,20915.4,21698,15266.1,15266.1,2.33054e+08,0,17533.5,14510.3,12819.7,12819.7,1.64344e+08,0,15624.4,11884.8,12819.7,13272.6,15972.1,0.729896,0.839748,-1.02327,-0.746884,-0.627194
od1,232,0.090909,0.909091,0.090909,4,160.524,2,3,86.996,0.528254,0.578189,3.30233e-07,-138800,-145981,-6350.5,-148742,2.38146e+10,0,-138278,-152230,-9904.7,-115834,1.40629e+10,0,-106591,-118915,-115834,-113907,-104999,1.07163,0.778757,2.69326,2.88618,2.24763
od1,232,0.090909,0.909091,0.090909,5,160.524,2,4,86.996,0.528254,0.578189,3.04749e-08,41654.1,44346.2,-101278,41113.5,2.38146e+10,0,48025.9,38809.3,-80524.2,25405.1,1.40629e+10,0,35374.6,22082,25405.1,24500.7,34381.1,0.987022,0.617927,-0.808251,-0.797761,-0.492959
od1,232,0.090909,0.909091,0.090909,6,178.663,1,6,162.918,0.99202,0.99202,1.29602e-08,32040.3,30854.1,37826.2,37826.2,1.43082e+09,0,54968.8,32112,40230.7,40230.7,1.61851e+09,0,52193.2,36243.1,40230.7,40189.4,52348.9,1.18058,1.06357,-0.501879,-0.59251,-0.630173
od1,232,0.090909,0.909091,0.090909,7,214.941,2,8,176.912,0.600155,0.762758,2.20059e-08,37296.3,37226.3,-40919.5,-324979,1.08502e+11,0,-224208,-358569,-53244.7,-346057,1.21723e+11,0,-233838,-383463,-346057,-347316,-234324,-8.71342,1.06486,-0.403641,3.5171,3.74522
od1,232,0.090909,0.909091,0.090909,8,214.941,2,7,176.912,0.600155,0.762758,9.46999e-07,-243681,-244205,-230292,53766.6,1.08502e+11,0,45206.7,56619.9,-248453,44359.1,1.21723e+11,0,39757.1,45893.2,44359.1,44530.9,39636.3,-0.220644,0.825032,2.63725,-0.581892,-0.480079
od1,232,0.090909,0.909091,0.090909,9,244.995,1,9,219.979,1,1,2.15195e-08,83722.5,83160.6,83722.5,83722.5,7.00945e+09,0,76018.5,86290.5,94956,94956,9.01664e+09,0,93295,95509.7,94956,94054.2,90648.4,1,1.13418,-0.697426,-0.697426,-0.791004
od1,232,0.090909,0.909091,0.090909,10,273.388,2,10,251.58,0.707325,0.99657,9.36683e-09,-62692.1,-62607.5,-1125.14,-56534.4,3.49697e+09,0,-71314.1,-51607.8,-7901.47,-117253,1.45633e+10,0,-115673,-117780,-117253,-117296,-115314,0.901778,2.07401,0.419396,0.378203,0.784397
od1,232,0.090909,0.909091,0.090909,11,273.388,2,11,251.58,0.707325,0.99657,2.59735e-09,33167.7,32968.2,-38064.5,17344.7,3.49697e+09,0,28099.7,13759.7,-80802.3,28549.2,1.45633e+10,0,40252.2,24648.2,28549.2,28188.4,41164.4,0.52294,1.64599,-0.221885,-0.116032,-0.190988
od1,232,0.090909,0.909091,0.090909,12,459.9,1,12,453.745,0.999171,0.999171,2.37683e-09,-109564,-109150,-109410,-109410,1.19707e+10,0,-87805.7,-116612,-157507,-157507,2.48083e+10,0,-124686,-168447,-157507,-157079,-124189,0.998597,1.43959,0.259007,0.258644,0.372342
od1,232,0.090909,0.909091,0.090909,13,543.721,2,14,532.515,0.508093,0.996102,2.66e-09,278961,279486,165435,-194279,1.19163e+11,0,-176252,-200288,130474,-233375,1.17846e+11,0,-198219,-245094,-233375,-233415,-198478,-0.696438,1.20124,-0.471803,0.328582,0.394704
od1,232,0.090909,0.909091,0.090909,14,543.721,2,13,532.515,0.508093,0.996102,1.25833e-09,-192114,-192228,-74374.9,285339,1.19163e+11,0,372297,256354,-112092,251757,1.17846e+11,0,357568,216486,251757,251952,358003,-1.48526,0.882307,0.32492,-0.482591,-0.425793
od1,232,0.090909,0.909091,0.090909,15,787.323,1,15,766.035,0.999284,0.999284,8.14041e-10,-480945,-480985,-481235,-481235,2.31588e+11,0,-377804,-515713,-501063,-501063,2.51064e+11,0,-385083,-539723,-501063,-501146,-385121,1.0006,1.0412,0.387935,0.388169,0.404163
od1,1330,0.909091,0.909091,0.909091,1,58.1391,2,1,35.787,0.603747,0.743821,1.84687e-07,-18253.6,-15733.7,23913.2,2298.24,7.10987e+08,0,-242.724,3145.22,22173.4,7708.03,6.32924e+08,0,2410.81,9473.76,7708.03,7688.85,2380.04,-0.125906,3.35389,2.70012,-0.339961,-1.14019
od1,1330,0.909091,0.909091,0.909091,2,58.1391,2,2,35.787,0.603747,0.743821,1.04402e-05,126456,118295,4950.11,26565.1,7.10987e+08,0,16077.1,30061.1,9482.73,23948.1,6.32924e+08,0,13962.4,27276.6,23948.1,23516.5,13746.3,0.210075,0.901486,-18.7056,-3.92958,-3.54246
od1,1330,0.909091,0.909091,0.909091,3,101.093,1,5,97.7041,0.992382,0.992382,2.19066e-07,-21287.9,-22011.3,-15676.2,-15676.2,2.45743e+08,0,-18093.1,-14870.5,-13183.8,-13183.8,1.73812e+08,0,-16108.3,-12208.9,-13183.8,-13587,-16439,0.73639,0.841005,1.0415,0.766948,0.645007
od1,1330,0.909091,0.909091,0.909091,4,160.524,2,4,86.996,0.309127,0.578189,3.38457e-07,140606,147787,50846.3,-40519.4,2.40008e+10,0,-48529,-37849.5,44509.9,-22154.2,1.4066e+10,0,-32665.4,-18650.4,-22154.2,-21351.2,-31843.5,-0.288177,0.546754,-2.72831,0.786234,0.429877
od1,1330,0.909091,0.909091,0.909091,5,160.524,2,3,86.996,0.309127,0.578189,2.6711e-08,-39000.5,-41517.4,58163.3,149529,2.40008e+10,0,137699,153472,49848.7,116513,1.4066e+10,0,106879,119724,116513,114558,105291,-3.83403,0.779198,0.756761,-2.90145,-2.2608
od1,1330,0.909091,0.909091,0.909091,6,178.663,1,6,162.918,0.99202,0.99202,1.23453e-08,-31066.3,-30113.3,-36845.5,-36845.5,1.35759e+09,0,-55683,-30566.4,-38797.5,-38797.5,1.50525e+09,0,-52202.2,-34329.3,-38797.6,-38679.7,-52224.3,1.18603,1.05298,0.486622,0.577148,0.607725
od1,1330,0.909091,0.909091,0.909091,7,214.941,2,8,176.912,0.382215,0.762758,9.16582e-07,239488,240251,-26801,-51949.9,1.0601e+11,0,-44088.3,-54570.5,-16072.2,-41977.6,1.19154e+11,0,-38313.8,-43198.9,-41977.6,-42115.6,-38084.8,-0.216921,0.80804,-2.59187,0.562231,0.454305
od1,1330,0.909091,0.909091,0.909091,8,214.941,2,7,176.912,0.382215,0.762758,2.12237e-08,-36784.8,-36558.7,296272,321421,1.0601e+11,0,222905,354260,316719,342624,1.19154e+11,0,232463,379345,342624,343956,233035,-8.73786,1.06597,0.398106,-3.47859,-3.70807
od1,1330,0.909091,0.909091,0.909091,9,244.995,1,9,219.979,1,1,2.06266e-08,-81993.9,-81417.1,-81993.9,-81993.9,6.723e+09,0,-76453.9,-83840.6,-91079.9,-91079.9,8.29555e+09,0,-90204.2,-91371.8,-91079.9,-90092.9,-87451.6,1,1.11081,0.683027,0.683027,0.758716
od1,1330,0.909091,0.909091,0.909091,10,273.388,2,10,251.58,0.938604,0.99657,2.48794e-09,-32498,-32266.4,55562.9,-16843.9,3.67436e+09,0,-28912.9,-12821,114334,-24630.5,1.48754e+10,0,-36597.1,-20641.6,-24630.5,-24313.4,-37622.6,0.518308,1.46228,0.217404,0.112682,0.164773
od1,1330,0.909091,0.909091,0.909091,11,273.388,2,11,251.58,0.938604,0.99657,9.86255e-09,64461.6,64242.8,-14177.6,58229.2,3.67436e+09,0,69415.9,54500.4,-19513.2,119452,1.48754e+10,0,115779,120676,119452,119383,115297,0.903317,2.0514,-0.431234,-0.389541,-0.799106
od1,1330,0.909091,0.909091,0.909091,12,459.9,1,12,453.745,0.999171,0.999171,2.47262e-09,111783,111328,111677,111677,1.24717e+10,0,87054.3,119884,160397,160397,2.57273e+10,0,125002,172196,160397,159940,124471,0.999049,1.43626,-0.264252,-0.264001,-0.379175
od1,1330,0.909091,0.909091,0.909091,13,543.721,2,13,532.515,0.531186,0.996102,2.71198e-09,-281612,-282203,-281977,-288231,1.22114e+11,0,-373491,-259811,-253006,-259391,1.23253e+11,0,-364963,-224200,-259391,-259640,-365456,1.0235,0.899942,0.476286,0.487481,0.438704
od1,1330,0.909091,0.909091,0.909091,14,543.721,2,14,532.515,0.531186,0.996102,1.30084e-09,195213,195448,191323,197577,1.22114e+11,0,176016,204764,230193,236578,1.23253e+11,0,195670,250214,236578,236720,195996,1.01211,1.19739,-0.330161,-0.33416,-0.400121
od1,1330,0.909091,0.909091,0.909091,15,787.323,1,15,766.035,0.999284,0.999284,7.96015e-10,475650,475630,475924,475924,2.26504e+11,0,375826,509290,493375,493375,2.43419e+11,0,378456,531682,493375,493399,378476,1.00058,1.03667,-0.383664,-0.383885,-0.397961
od1,1321,0.909091,0.909091,0.090909,1,58.139,2,1,35.787,0.62335,0.743821,1.84687e-07,-18253.6,-15733.7,26565.1,2298.24,7.10987e+08,0,-242.724,3145.22,23948.1,7708.03,6.32924e+08,0,2410.81,9473.77,7708.02,7688.85,2380.04,-0.125906,3.35389,2.70012,-0.339961,-1.14019
od1,1321,0.909091,0.909091,0.090909,2,58.139,2,2,35.787,0.62335,0.743821,1.04402e-05,126456,118295,2298.24,26565.1,7.10987e+08,0,16077.1,30061.1,7708.03,23948.1,6.32924e+08,0,13962.4,27276.6,23948.1,23516.5,13746.3,0.210075,0.901486,-18.7056,-3.92958,-3.54246
od1,1321,0.909091,0.909091,0.090909,3,101.093,1,5,97.7041,0.992382,0.992382,2.19066e-07,-21287.9,-22011.3,-15676.2,-15676.2,2.45743e+08,0,-18093.1,-14870.5,-13183.8,-13183.8,1.73812e+08,0,-16108.3,-12208.9,-13183.8,-13587,-16439,0.73639,0.841006,1.0415,0.766948,0.645007
od1,1321,0.909091,0.909091,0.090909,4,160.524,2,4,86.996,0.555421,0.578189,3.38457e-07,140606,147787,149529,-40519.4,2.40008e+10,0,-48529,-37849.5,116513,-22154.1,1.4066e+10,0,-32665.4,-18650.4,-22154.1,-21351.1,-31843.5,-0.288177,0.546753,-2.72831,0.786234,0.429876
od1,1321,0.909091,0.909091,0.090909,5,160.524,2,3,86.996,0.555421,0.578189,2.6711e-08,-39000.5,-41517.4,-40519.4,149529,2.40008e+10,0,137699,153472,-22154.1,116513,1.4066e+10,0,106879,119724,116513,114558,105291,-3.83403,0.779198,0.756761,-2.90145,-2.2608
od1,1321,0.909091,0.909091,0.090909,6,178.663,1,6,162.918,0.99202,0.99202,1.23453e-08,-31066.3,-30113.3,-36845.5,-36845.5,1.35759e+09,0,-55683,-30566.4,-38797.5,-38797.5,1.50525e+09,0,-52202.2,-34329.3,-38797.5,-38679.7,-52224.3,1.18603,1.05298,0.486622,0.577148,0.607725
od1,1321,0.909091,0.909091,0.090909,7,214.941,2,8,176.912,0.518728,0.762758,9.16582e-07,239488,240251,321421,-51949.9,1.0601e+11,0,-44088.3,-54570.5,342624,-41977.6,1.19154e+11,0,-38313.7,-43198.9,-41977.6,-42115.6,-38084.8,-0.216921,0.808039,-2.59187,0.562231,0.454305
od1,1321,0.909091,0.909091,0.090909,8,214.941,2,7,176.912,0.518728,0.762758,2.12237e-08,-36784.8,-36558.7,-51949.9,321421,1.0601e+11,0,222905,354260,-41977.6,342624,1.19154e+11,0,232463,379345,342624,343956,233035,-8.73786,1.06597,0.398106,-3.47859,-3.70807
od1,1321,0.909091,0.909091,0.090909,9,244.995,1,9,219.979,1,1,2.06266e-08,-81993.9,-81417.1,-81993.9,-81993.9,6.723e+09,0,-76453.9,-83840.6,-91079.9,-91079.9,8.29555e+09,0,-90204.2,-91371.8,-91079.9,-90092.9,-87451.6,1,1.11081,0.683027,0.683027,0.758716
od1,1321,0.909091,0.909091,0.090909,10,273.388,2,10,251.58,0.685504,0.99657,2.48794e-09,-32498,-32266.4,58229.2,-16843.9,3.67436e+09,0,-28912.9,-12821,119452,-24630.5,1.48754e+10,0,-36597.1,-20641.6,-24630.5,-24313.4,-37622.6,0.518308,1.46228,0.217404,0.112682,0.164773
od1,1321,0.909091,0.909091,0.090909,11,273.388,2,11,251.58,0.685504,0.99657,9.86255e-09,64461.6,64242.8,-16843.9,58229.2,3.67436e+09,0,69415.9,54500.4,-24630.5,119452,1.48754e+10,0,115779,120676,119452,119383,115297,0.903317,2.0514,-0.431234,-0.389541,-0.799106
od1,1321,0.909091,0.909091,0.090909,12,459.9,1,12,453.745,0.999171,0.999171,2.47262e-09,111783,111328,111677,111677,1.24717e+10,0,87054.3,119884,160397,160397,2.57273e+10,0,125002,172196,160397,159940,124471,0.999049,1.43626,-0.264252,-0.264001,-0.379175
od1,1321,0.909091,0.909091,0.090909,13,543.721,2,13,532.515,0.779862,0.996102,2.71198e-09,-281612,-282203,197577,-288231,1.22114e+11,0,-373491,-259811,236578,-259391,1.23253e+11,0,-364963,-224200,-259391,-259640,-365456,1.0235,0.899942,0.476286,0.487481,0.438704
od1,1321,0.909091,0.909091,0.090909,14,543.721,2,14,532.515,0.779862,0.996102,1.30084e-09,195213,195448,-288231,197577,1.22114e+11,0,176016,204764,-259391,236578,1.23253e+11,0,195670,250214,236578,236720,195996,1.01211,1.19739,-0.330161,-0.33416,-0.400121
od1,1321,0.909091,0.909091,0.090909,15,787.323,1,15,766.035,0.999284,0.999284,7.96015e-10,475650,475630,475924,475924,2.26504e+11,0,375826,509290,493375,493375,2.43419e+11,0,378456,531682,493375,493399,378476,1.00058,1.03667,-0.383664,-0.383885,-0.397961
od1,142,0.090909,0.090909,0.909091,1,58.139,2,1,35.787,0.550608,0.743821,1.84687e-07,-18253.6,-15733.7,26565.1,2298.24,7.10987e+08,0,-242.724,3145.22,23948.1,7708.03,6.32924e+08,0,2410.81,9473.77,7708.02,7688.85,2380.04,-0.125906,3.35389,2.70012,-0.339961,-1.14019
od1,142,0.090909,0.090909,0.909091,2,58.139,2,2,35.787,0.550608,0.743821,1.04402e-05,126456,118295,2298.24,26565.1,7.10987e+08,0,16077.1,30061.1,7708.03,23948.1,6.32924e+08,0,13962.4,27276.6,23948.1,23516.5,13746.3,0.210075,0.901486,-18.7056,-3.92958,-3.54246
od1,142,0.090909,0.090909,0.909091,3,101.093,1,5,97.7041,0.992382,0.992382,2.19066e-07,-21287.9,-22011.3,-15676.2,-15676.2,2.45743e+08,0,-18093.1,-14870.5,-13183.8,-13183.8,1.73812e+08,0,-16108.3,-12208.9,-13183.8,-13587,-16439,0.73639,0.841006,1.0415,0.766948,0.645007
od1,142,0.090909,0.090909,0.909091,4,160.524,2,4,86.996,0.494348,0.578189,3.38457e-07,140606,147787,149529,-40519.4,2.40008e+10,0,-48529,-37849.5,116513,-22154.1,1.4066e+10,0,-32665.4,-18650.4,-22154.1,-21351.1,-31843.5,-0.288177,0.546753,-2.72831,0.786234,0.429876
od1,142,0.090909,0.090909,0.909091,5,160.524,2,3,86.996,0.494348,0.578189,2.6711e-08,-39000.5,-41517.4,-40519.4,149529,2.40008e+10,0,137699,153472,-22154.1,116513,1.4066e+10,0,106879,119724,116513,114558,105291,-3.83403,0.779198,0.756761,-2.90145,-2.2608
od1,142,0.090909,0.090909,0.909091,6,178.663,1,6,162.918,0.99202,0.99202,1.23453e-08,-31066.3,-30113.3,-36845.5,-36845.5,1.35759e+09,0,-55683,-30566.4,-38797.5,-38797.5,1.50525e+09,0,-52202.2,-34329.3,-38797.5,-38679.7,-52224.3,1.18603,1.05298,0.486622,0.577148,0.607725
od1,142,0.090909,0.090909,0.909091,7,214.941,2,7,176.912,0.546511,0.762758,2.12237e-08,-36784.8,-36558.7,321421,-51949.9,1.0601e+11,0,-44088.3,-54570.5,342624,-41977.6,1.19154e+11,0,-38313.7,-43198.9,-41977.6,-42115.6,-38084.8,1.41226,0.808039,0.398106,0.562231,0.454305
od1,142,0.090909,0.090909,0.909091,8,214.941,2,8,176.912,0.546511,0.762758,9.16582e-07,239488,240251,-51949.9,321421,1.0601e+11,0,222905,354260,-41977.6,342624,1.19154e+11,0,232463,379345,342624,343956,233035,1.34212,1.06597,-2.59187,-3.47859,-3.70807
od1,142,0.090909,0.090909,0.909091,9,244.995,1,9,219.979,1,1,2.06266e-08,-81993.9,-81417.1,-81993.9,-81993.9,6.723e+09,0,-76453.9,-83840.6,-91079.9,-91079.9,8.29555e+09,0,-90204.2,-91371.8,-91079.9,-90092.9,-87451.6,1,1.11081,0.683027,0.683027,0.758716
od1,142,0.090909,0.090909,0.909091,10,273.388,2,10,251.58,0.821808,0.99657,2.48794e-09,-32498,-32266.4,58229.2,-16843.9,3.67436e+09,0,-28912.9,-12821,119452,-24630.5,1.48754e+10,0,-36597.1,-20641.6,-24630.5,-24313.4,-37622.6,0.518308,1.46228,0.217404,0.112682,0.164773
od1,142,0.090909,0.090909,0.909091,11,273.388,2,11,251.58,0.821808,0.99657,9.86255e-09,64461.6,64242.8,-16843.9,58229.2,3.67436e+09,0,69415.9,54500.4,-24630.5,119452,1.48754e+10,0,115779,120676,119452,119383,115297,0.903317,2.0514,-0.431234,-0.389541,-0.799106
od1,142,0.090909,0.090909,0.909091,12,459.9,1,12,453.745,0.999171,0.999171,2.47262e-09,111783,111328,111677,111677,1.24717e+10,0,87054.3,119884,160397,160397,2.57273e+10,0,125002,172196,160397,159940,124471,0.999049,1.43626,-0.264252,-0.264001,-0.379175
od1,142,0.090909,0.090909,0.909091,13,543.721,2,13,532.515,0.660446,0.996102,2.71198e-09,-281612,-282203,197577,-288231,1.22114e+11,0,-373491,-259811,236578,-259391,1.23253e+11,0,-364963,-224200,-259391,-259640,-365456,1.0235,0.899942,0.476286,0.487481,0.438704
od1,142,0.090909,0.090909,0.909091,14,543.721,2,14,532.515,0.660446,0.996102,1.30084e-09,195213,195448,-288231,197577,1.22114e+11,0,176016,204764,-259391,236578,1.23253e+11,0,195670,250214,236578,236720,195996,1.01211,1.19739,-0.330161,-0.33416,-0.400121
od1,142,0.090909,0.090909,0.909091,15,787.323,1,15,766.035,0.999284,0.999284,7.96015e-10,475650,475630,475924,475924,2.26504e+11,0,375826,509290,493375,493375,2.43419e+11,0,378456,531682,493375,493399,378476,1.00058,1.03667,-0.383664,-0.383885,-0.397961
od1,133,0.090909,0.090909,0.090909,1,58.1391,2,1,35.787,0.713285,0.743821,1.84687e-07,-18253.6,-15733.7,17067.1,2298.24,7.10987e+08,0,-242.724,3145.22,17591.7,7708.03,6.32924e+08,0,2410.81,9473.76,7708.03,7688.85,2380.04,-0.125906,3.35389,2.70012,-0.339961,-1.14019
od1,133,0.090909,0.090909,0.090909,2,58.1391,2,2,35.787,0.713285,0.743821,1.04402e-05,126456,118295,11796.3,26565.1,7.10987e+08,0,16077.1,30061.1,14064.4,23948.1,6.32924e+08,0,13962.4,27276.6,23948.1,23516.5,13746.3,0.210075,0.901486,-18.7056,-3.92958,-3.54246
od1,133,0.090909,0.090909,0.090909,3,101.093,1,5,97.7041,0.992382,0.992382,2.19066e-07,-21287.9,-22011.3,-15676.2,-15676.2,2.45743e+08,0,-18093.1,-14870.5,-13183.8,-13183.8,1.73812e+08,0,-16108.3,-12208.9,-13183.8,-13587,-16439,0.73639,0.841005,1.0415,0.766948,0.645007
od1,133,0.090909,0.090909,0.090909,4,160.524,2,4,86.996,0.318523,0.578189,3.38457e-07,140606,147787,145045,-40519.4,2.40008e+10,0,-48529,-37849.5,113241,-22154.2,1.4066e+10,0,-32665.4,-18650.4,-22154.2,-21351.2,-31843.5,-0.288177,0.546754,-2.72831,0.786234,0.429877
od1,133,0.090909,0.090909,0.090909,5,160.524,2,3,86.996,0.318523,0.578189,2.6711e-08,-39000.5,-41517.4,-36035.5,149529,2.40008e+10,0,137699,153472,-18882.5,116513,1.4066e+10,0,106879,119724,116513,114558,105291,-3.83403,0.779198,0.756761,-2.90145,-2.2608
od1,133,0.090909,0.090909,0.090909,6,178.663,1,6,162.918,0.99202,0.99202,1.23453e-08,-31066.3,-30113.3,-36845.5,-36845.5,1.35759e+09,0,-55683,-30566.4,-38797.5,-38797.5,1.50525e+09,0,-52202.2,-34329.3,-38797.6,-38679.7,-52224.3,1.18603,1.05298,0.486622,0.577148,0.607725
od1,133,0.090909,0.090909,0.090909,7,214.941,2,8,176.912,0.625665,0.762758,9.16582e-07,239488,240251,-12967.4,-51949.9,1.0601e+11,0,-44088.3,-54570.5,-1822.5,-41977.6,1.19154e+11,0,-38313.8,-43198.9,-41977.6,-42115.6,-38084.8,-0.216921,0.80804,-2.59187,0.562231,0.454305
od1,133,0.090909,0.090909,0.090909,8,214.941,2,7,176.912,0.625665,0.762758,2.12237e-08,-36784.8,-36558.7,282438,321421,1.0601e+11,0,222905,354260,302469,342624,1.19154e+11,0,232463,379345,342624,343956,233035,-8.73786,1.06597,0.398106,-3.47859,-3.70807
od1,133,0.090909,0.090909,0.090909,9,244.995,1,9,219.979,1,1,2.06266e-08,-81993.9,-81417.1,-81993.9,-81993.9,6.723e+09,0,-76453.9,-83840.6,-91079.9,-91079.9,8.29555e+09,0,-90204.2,-91371.8,-91079.9,-90092.9,-87451.6,1,1.11081,0.683027,0.683027,0.758716
od1,133,0.090909,0.090909,0.090909,10,273.388,2,11,251.58,0.724039,0.99657,9.86255e-09,64461.6,64242.8,47284.9,-16843.9,3.67436e+09,0,-28912.9,-12821,98447.2,-24630.5,1.48754e+10,0,-36597.1,-20641.6,-24630.5,-24313.4,-37622.6,-0.261302,1.46228,-0.431234,0.112682,0.164773
od1,133,0.090909,0.090909,0.090909,11,273.388,2,10,251.58,0.724039,0.99657,2.48794e-09,-32498,-32266.4,-5899.64,58229.2,3.67436e+09,0,69415.9,54500.4,-3625.93,119452,1.48754e+10,0,115779,120676,119452,119383,115297,-1.79178,2.0514,0.217404,-0.389541,-0.799106
od1,133,0.090909,0.090909,0.090909,12,459.9,1,12,453.745,0.999171,0.999171,2.47262e-09,111783,111328,111677,111677,1.24717e+10,0,87054.3,119884,160397,160397,2.57273e+10,0,125002,172196,160397,159940,124471,0.999049,1.43626,-0.264252,-0.264001,-0.379175
od1,133,0.090909,0.090909,0.090909,13,543.721,2,14,532.515,0.669946,0.996102,1.30084e-09,195213,195448,-237377,-288231,1.22114e+11,0,-373491,-259811,-207474,-259391,1.23253e+11,0,-364963,-224200,-259391,-259640,-365456,-1.4765,0.899942,-0.330161,0.487481,0.438704
od1,133,0.090909,0.090909,0.090909,14,543.721,2,13,532.515,0.669946,0.996102,2.71198e-09,-281612,-282203,146724,197577,1.22114e+11,0,176016,204764,184661,236578,1.23253e+11,0,195670,250214,236578,236720,195996,-0.701595,1.19739,0.476286,-0.33416,-0.400121
od1,133,0.090909,0.090909,0.090909,15,787.323,1,15,766.035,0.999284,0.999284,7.96015e-10,475650,475630,475924,475924,2.26504e+11,0,375826,509290,493375,493375,2.43419e+11,0,378456,531682,493375,493399,378476,1.00058,1.03667,-0.383664,-0.383885,-0.397961
od1,10,0,0,0.909091,1,34.6959,2,3,39.9409,0.484338,0.904744,9.86247e-07,-9914.1,-11769.5,-2423.15,-2423.15,1.17302e+07,0,-2442.96,-2416.55,-1724.19,-1724.19,5.91131e+06,0,-1748.24,-1716.17,-1724.2,-1702.79,-1729,0.244415,0.711547,4.11782,1.00646,0.716141
od1,10,0,0,0.909091,2,34.6959,2,4,39.9409,0.484338,0.904744,1.03167e-06,10098.3,12037.5,2420.45,2420.45,1.17302e+07,0,2399.83,2427.32,1714.2,1714.2,5.91131e+06,0,1702.03,1718.25,1714.21,1692.55,1679.94,0.239689,0.708216,-4.19432,-1.00533,-0.711992
od1,10,0,0,0.909091,3,62.0973,1,5,61.4069,0.999543,0.999543,7.08345e-11,-156.648,-156.444,-156.708,-156.708,24557.2,0,-110.448,-172.127,-79.6964,-79.6964,6351.51,0,-50.9233,-89.2874,-79.6964,-79.5264,-50.7583,1.00038,0.508568,0.0203118,0.0203195,0.0103339
od1,10,0,0,0.909091,4,147.564,2,2,-62.1637,0.584827,0.640877,2.36938e-07,104198,102857,-132868,-132996,3.54727e+10,0,-133576,-132803,-96827.7,-96921.3,1.88127e+10,0,-99271.8,-96137.8,-96921.3,-97114,-98988.6,-1.27638,0.728753,-2.39258,3.05384,2.22549
od1,10,0,0,0.909091,5,147.564,2,1,-62.1637,0.584827,0.640877,2.37761e-07,-104338,-103035,133231,133359,3.54727e+10,0,133458,133326,96957.8,97051.4,1.88127e+10,0,99895.2,96103.5,97051.4,97254.3,99640.7,-1.27815,0.727744,2.39579,-3.06217,-2.22848
od1,10,0,0,0.909091,6,183.901,1,8,165.743,0.999109,0.999109,4.98566e-12,636.068,633.054,613.836,613.836,376794,0,412.559,680.928,1765.5,1765.5,3.11698e+06,0,1604.14,1819.28,1765.5,1755.9,1596.47,0.965048,2.87617,-0.00940379,-0.00907511,-0.0261016
od1,10,0,0,0.909091,7,191.549,2,6,156.599,0.374973,0.710862,2.26863e-07,-128068,-128290,-125958,-125958,3.15748e+10,0,-125536,-126099,-122804,-122804,3.00558e+10,0,-122689,-122843,-122804,-123086,-122681,0.983529,0.974961,1.74523,1.71648,1.6735
od1,10,0,0,0.909091,8,191.549,2,7,156.599,0.374973,0.710862,2.25978e-07,127746,128039,125337,125337,3.15748e+10,0,125811,125179,122372,122372,3.00558e+10,0,123018,122157,122372,122750,123098,0.981141,0.976346,-1.74085,-1.70801,-1.66761
od1,10,0,0,0.909091,9,255.649,1,9,231.21,1,1,5.90391e-13,457.783,457.835,457.783,457.783,209566,0.000466716,-115.057,648.73,3447.89,3447.89,1.18879e+07,0.000788526,3284.55,3502.33,3447.89,3447.89,3284.55,1,7.5317,-0.00350222,-0.00350222,-0.0263776
od1,10,0,0,0.909091,10,256.251,2,10,232.036,0.507162,0.999856,3.39125e-08,-111008,-110514,111404,-110227,2.45635e+10,3.37229e-06,-110898,-110003,150848,-149643,4.51531e+10,2.51159e-05,-144992,-151194,-149643,-149267,-144017,0.992968,1.35759,0.845264,0.83932,1.13946
od1,10,0,0,0.909091,11,256.251,2,11,232.036,0.507162,0.999856,3.46264e-08,112197,111671,-110215,111416,2.45635e+10,0.000466716,110324,111780,-149628,150864,4.51531e+10,0.000788526,146162,152431,150864,150459,145149,0.993038,1.35406,-0.854322,-0.848374,-1.14875
od1,10,0,0,0.909091,12,457.603,1,12,451.357,0.999162,0.999162,8.12681e-15,-201.93,-199.662,-162.448,-162.448,26389.4,0,-315.039,-111.585,1614.6,1614.6,2.60693e+06,0,1459.23,1666.39,1614.6,1623.78,1467.97,0.80448,-9.93915,0.00048216,0.000387888,-0.00385528
od1,10,0,0,0.909091,13,543.598,2,13,532.329,0.499045,0.996258,8.23789e-09,-466410,-467795,487324,-486265,4.73938e+11,0,-487761,-485766,497409,-501061,4.98479e+11,0,-501698,-500849,-501061,-501998,-502477,1.04257,1.03043,0.789191,0.822786,0.847822
od1,10,0,0,0.909091,14,543.598,2,14,532.329,0.499045,0.996258,8.27283e-09,467485,468786,-486265,487324,4.73938e+11,0,487447,487283,-501061,497410,4.98479e+11,0,495228,498137,497410,498267,495930,1.04244,1.0207,-0.791009,-0.824577,-0.841643
od1,10,0,0,0.909091,15,790.542,1,15,767.76,0.999409,0.999409,2.40382e-15,836.642,837.526,819.453,819.453,671503,0,65.2042,1070.87,2092.25,2092.25,4.3775e+06,0,-84.4569,2817.82,2092.25,2092.5,-85.6928,0.979454,2.55323,-0.00066936,-0.000655607,-0.00167391
od1,1,0,0,0.090909,1,34.6959,2,4,39.9409,0.459616,0.904744,1.03167e-06,10098.3,12037.5,-2423.15,-2423.15,1.17302e+07,0,-2442.96,-2416.55,-1724.19,-1724.19,5.91131e+06,0,-1748.24,-1716.17,-1724.2,-1702.79,-1729,-0.239957,0.711547,-4.19432,1.00646,0.716141
od1,1,0,0,0.090909,2,34.6959,2,3,39.9409,0.459616,0.904744,9.86247e-07,-9914.1,-11769.5,2420.45,2420.45,1.17302e+07,0,2399.83,2427.32,1714.2,1714.2,5.91131e+06,0,1702.03,1718.25,1714.21,1692.55,1679.94,-0.244142,0.708216,4.11782,-1.00533,-0.711992
od1,1,0,0,0.090909,3,62.0973,1,5,61.4069,0.999543,0.999543,7.08345e-11,-156.648,-156.444,-156.708,-156.708,24557.2,0,-110.448,-172.127,-79.6964,-79.6964,6351.51,0,-50.9233,-89.2874,-79.6964,-79.5264,-50.7583,1.00038,0.508568,0.0203118,0.0203195,0.0103339
od1,1,0,0,0.090909,4,147.564,2,2,-62.1637,0.322614,0.640877,2.36938e-07,104198,102857,-132849,-132996,3.54727e+10,0,-133576,-132803,-96813.8,-96921.3,1.88127e+10,0,-99271.8,-96137.8,-96921.3,-97114,-98988.6,-1.27638,0.728753,-2.39258,3.05384,2.22549
od1,1,0,0,0.090909,5,147.564,2,1,-62.1637,0.322614,0.640877,2.37761e-07,-104338,-103035,133212,133359,3.54727e+10,0,133458,133326,96943.9,97051.4,1.88127e+10,0,99895.2,96103.5,97051.4,97254.3,99640.7,-1.27815,0.727744,2.39579,-3.06217,-2.22848
od1,1,0,0,0.090909,6,183.901,1,8,165.743,0.999109,0.999109,4.98566e-12,636.068,633.054,613.836,613.836,376794,0,412.559,680.928,1765.5,1765.5,3.11698e+06,0,1604.14,1819.28,1765.5,1755.9,1596.47,0.965048,2.87617,-0.00940379,-0.00907511,-0.0261016
od1,1,0,0,0.090909,7,191.549,2,7,156.599,0.36256,0.710862,2.25978e-07,127746,128039,-125958,-125958,3.15748e+10,0,-125536,-126099,-122804,-122804,3.00558e+10,0,-122689,-122843,-122804,-123086,-122681,-0.986004,0.974961,-1.74085,1.71648,1.6735
od1,1,0,0,0.090909,8,191.549,2,6,156.599,0.36256,0.710862,2.26863e-07,-128068,-128290,125337,125337,3.15748e+10,0,125811,125179,122372,122372,3.00558e+10,0,123018,122157,122372,122750,123098,-0.978678,0.976346,1.74523,-1.70801,-1.66761
od1,1,0,0,0.090909,9,255.649,1,9,231.21,1,1,5.90391e-13,457.783,457.835,457.783,457.783,209566,0.00046673,-115.057,648.73,3447.89,3447.89,1.18879e+07,0.000788441,3284.55,3502.33,3447.89,3447.89,3284.55,1,7.5317,-0.00350222,-0.00350222,-0.0263776
od1,1,0,0,0.090909,10,256.251,2,11,232.036,0.50274,0.999856,3.46264e-08,112197,111671,111414,-110227,2.45635e+10,1.3127e-06,-110898,-110003,150862,-149643,4.51531e+10,2.77916e-05,-144992,-151194,-149643,-149267,-144017,-0.982439,1.35759,-0.854322,0.83932,1.13946
od1,1,0,0,0.090909,11,256.251,2,10,232.036,0.50274,0.999856,3.39125e-08,-111008,-110514,-110225,111416,2.45635e+10,0.00046673,110324,111780,-149641,150864,4.51531e+10,0.000788441,146162,152431,150864,150459,145149,-1.00368,1.35406,0.845264,-0.848374,-1.14875
od1,1,0,0,0.090909,12,457.603,1,12,451.357,0.999162,0.999162,8.12681e-15,-201.93,-199.662,-162.448,-162.448,26389.4,0,-315.039,-111.585,1614.6,1614.6,2.60693e+06,0,1459.23,1666.39,1614.6,1623.78,1467.97,0.80448,-9.93915,0.00048216,0.000387888,-0.00385528
od1,1,0,0,0.090909,13,543.598,2,13,532.329,0.499165,0.996258,8.23789e-09,-466410,-467795,487324,-486265,4.73938e+11,0,-487761,-485766,497410,-501061,4.98479e+11,0,-501698,-500849,-501061,-501998,-502477,1.04257,1.03043,0.789191,0.822786,0.847822
od1,1,0,0,0.090909,14,543.598,2,14,532.329,0.499165,0.996258,8.27283e-09,467485,468786,-486265,487324,4.73938e+11,0,487447,487283,-501061,497410,4.98479e+11,0,495228,498137,497410,498267,495930,1.04244,1.0207,-0.791009,-0.824577,-0.841643
od1,1,0,0,0.090909,15,790.542,1,15,767.76,0.999409,0.999409,2.40382e-15,836.642,837.526,819.453,819.453,671503,0,65.2042,1070.87,2092.25,2092.25,4.3775e+06,0,-84.4569,2817.82,2092.25,2092.5,-85.6928,0.979454,2.55323,-0.00066936,-0.000655607,-0.00167391
od1,3,0,0,0.272727,1,84.0122,2,2,45.8521,0.418689,0.785242,7.65815e-07,60267.1,59959.3,-28162.6,-28162.6,1.56764e+09,0,-28015.5,-28211.7,-24754.1,-24754.1,1.20251e+09,0,-24818.1,-24732.8,-24754.1,-24740.9,-24767.7,-0.467297,0.87897,-4.26939,1.99507,1.75361
od1,3,0,0,0.272727,2,84.0122,2,1,45.8521,0.418689,0.785242,7.8512e-07,-60887.2,-60710.3,27829.9,27829.9,1.56764e+09,0,27990.6,27776.4,24284.7,24284.7,1.20251e+09,0,24768.4,24123.5,24284.7,24268.5,24687.6,-0.457073,0.872612,4.31332,-1.9715,-1.72036
od1,3,0,0,0.272727,3,142.64,1,5,135.36,0.997094,0.997094,1.00404e-11,-384.078,-387.891,-542.862,-542.862,294699,0,-339.988,-610.486,-52.3653,-52.3653,2742.12,0,138.483,-115.981,-52.3653,-54.9098,136.793,1.41342,0.0964616,0.00943854,0.0133406,0.00128685
od1,3,0,0,0.272727,4,164.211,2,6,147.284,0.511186,0.997766,6.42685e-08,-73739.7,-67252.9,-78285.7,-78285.7,1.22753e+10,0,-78414.2,-78242.9,-68903.5,-68903.5,9.52135e+09,0,-69513.4,-68700.2,-68903.5,-70357.4,-70758.6,1.06165,0.880154,1.3673,1.4516,1.27763
od1,3,0,0,0.272727,5,164.211,2,7,147.284,0.511186,0.997766,6.44784e-08,73725.3,67362.6,78400.5,78400.5,1.22753e+10,0,78225.2,78458.9,69091.7,69091.7,9.52135e+09,0,69881.8,68828.3,69091.7,70532.2,71233.6,1.06341,0.881266,-1.36704,-1.45372,-1.28112
od1,3,0,0,0.272727,6,198.949,2,4,123.825,0.40001,0.78561,3.05107e-08,42542.2,48367.7,-75815,-75815,1.17074e+10,0,-76846,-75471.4,-74479.3,-74479.3,1.15585e+10,0,-76009.3,-73969.2,-74479.3,-71907.8,-73339.6,-1.78211,0.982381,-0.537409,0.957723,0.940849
od1,3,0,0,0.272727,7,198.949,2,3,123.825,0.40001,0.78561,2.83337e-08,-40826.5,-46610.2,77197.6,77197.6,1.17074e+10,0,77024.6,77255.3,77533.1,77533.1,1.15585e+10,0,77849.5,77427.6,77533.1,75059.5,75188,-1.89087,1.00435,0.515735,-0.975189,-0.979426
od1,3,0,0,0.272727,8,245.298,1,8,233.05,0.996742,0.996742,1.53097e-11,2513.78,2517.67,2602.11,2602.11,6.77097e+06,0,1361.39,3015.68,4202.51,4202.51,1.76611e+07,0,2829.48,4660.18,4202.51,4206.34,2831.91,1.03514,1.61504,-0.0208887,-0.0216226,-0.0349213
od1,3,0,0,0.272727,9,275.407,1,9,255.602,1,1,3.51859e-12,1206.37,1206.41,1206.37,1206.37,1.45532e+06,0,-385.447,1736.97,3819.14,3819.14,1.45858e+07,0,2615.49,4220.35,3819.14,3819.14,2615.49,1,3.16582,-0.00795244,-0.00795244,-0.025176
od1,3,0,0,0.272727,10,287.797,2,10,271.201,0.499088,0.997279,9.17984e-11,-9027.88,-7288.82,3456.74,-842.357,1.26586e+07,0,-2577.67,-263.918,56463.2,-55147.2,6.22931e+09,0,-51376.7,-56404.1,-55147.2,-53550.2,-49570.8,0.0933062,65.4678,0.0544982,0.00508502,0.332905
od1,3,0,0,0.272727,11,287.797,2,11,271.201,0.499088,0.997279,1.68083e-10,11662.8,9862.82,-842.357,3456.74,1.26586e+07,0,1103.08,4241.29,-55147.2,56463.2,6.22931e+09,0,50063.7,58596.4,56463.2,54769.8,48152.2,0.296389,16.3342,-0.0704045,-0.0208671,-0.340849
od1,3,0,0,0.272727,12,490.781,1,12,487.707,0.999155,0.999155,1.93375e-13,-1661,-1661,-1606.14,-1606.14,2.57968e+06,0,-1167.95,-1752.2,111.244,111.244,12375.2,0,348.572,32.1347,111.244,109.889,347.983,0.966968,-0.0692618,0.00344799,0.0033341,-0.000230925
od1,3,0,0,0.272727,13,531.573,2,13,519.986,0.499081,0.995854,7.33351e-09,-496869,-497763,514135,-511947,5.26425e+11,0,-514374,-511139,526230,-529588,5.57381e+11,0,-531430,-528973,-529588,-530135,-531846,1.03035,1.03446,0.879197,0.905878,0.937092
od1,3,0,0,0.272727,14,531.573,2,14,519.986,0.499081,0.995854,7.40075e-09,499119,500039,-511947,514135,5.26425e+11,0,513485,514352,-529587,526230,5.57381e+11,0,523497,527141,526230,526793,523934,1.03009,1.02353,-0.883179,-0.909749,-0.931151
od1,3,0,0,0.272727,15,778.274,1,15,764.529,0.999454,0.999454,3.25438e-14,3018.41,3018.7,3034.01,3034.01,9.2052e+06,0,699.811,3812.07,5335.76,5335.76,2.84703e+07,0,1185.08,6719.31,5335.76,5335.83,1184.93,1.00517,1.75865,-0.00249163,-0.0025045,-0.00440454
od1,8,0,0,0.727273,1,84.0122,2,2,45.8521,0.432564,0.785242,7.65815e-07,60267.1,59959.3,-28162.6,-28162.6,1.56764e+09,0,-28015.5,-28211.7,-24754.1,-24754.1,1.20251e+09,0,-24818.1,-24732.8,-24754.1,-24740.9,-24767.7,-0.467297,0.87897,-4.26939,1.99507,1.75361
od1,8,0,0,0.727273,2,84.0122,2,1,45.8521,0.432564,0.785242,7.8512e-07,-60887.2,-60710.3,27829.9,27829.9,1.56764e+09,0,27990.6,27776.4,24284.7,24284.7,1.20251e+09,0,24768.4,24123.5,24284.7,24268.5,24687.6,-0.457073,0.872612,4.31332,-1.9715,-1.72036
od1,8,0,0,0.727273,3,142.64,1,5,135.36,0.997094,0.997094,1.00404e-11,-384.078,-387.891,-542.862,-542.862,294699,0,-339.988,-610.486,-52.3653,-52.3653,2742.12,0,138.483,-115.981,-52.3653,-54.9098,136.793,1.41342,0.0964616,0.00943854,0.0133406,0.00128685
od1,8,0,0,0.727273,4,164.211,2,6,147.284,0.509817,0.997766,6.42685e-08,-73739.7,-67252.9,-78285.7,-78285.7,1.22753e+10,0,-78414.2,-78242.9,-68903.5,-68903.5,9.52135e+09,0,-69513.4,-68700.2,-68903.5,-70357.4,-70758.6,1.06165,0.880154,1.3673,1.4516,1.27763
od1,8,0,0,0.727273,5,164.211,2,7,147.284,0.509817,0.997766,6.44784e-08,73725.3,67362.6,78400.5,78400.5,1.22753e+10,0,78225.2,78458.9,69091.7,69091.7,9.52135e+09,0,69881.8,68828.3,69091.7,70532.2,71233.6,1.06341,0.881266,-1.36704,-1.45372,-1.28112
od1,8,0,0,0.727273,6,198.949,2,3,123.825,0.398611,0.78561,2.83337e-08,-40826.5,-46610.2,-75815,-75815,1.17074e+10,0,-76846,-75471.4,-74479.3,-74479.3,1.15585e+10,0,-76009.3,-73969.2,-74479.3,-71907.8,-73339.6,1.85701,0.982381,0.515735,0.957723,0.940849
od1,8,0,0,0.727273,7,198.949,2,4,123.825,0.398611,0.78561,3.05107e-08,42542.2,48367.7,77197.6,77197.6,1.17074e+10,0,77024.6,77255.3,77533.1,77533.1,1.15585e+10,0,77849.5,77427.6,77533.1,75059.5,75188,1.81461,1.00435,-0.537409,-0.975189,-0.979426
od1,8,0,0,0.727273,8,245.298,1,8,233.05,0.996742,0.996742,1.53097e-11,2513.78,2517.67,2602.11,2602.11,6.77097e+06,0,1361.39,3015.68,4202.51,4202.51,1.76611e+07,0,2829.48,4660.18,4202.51,4206.34,2831.91,1.03514,1.61504,-0.0208887,-0.0216226,-0.0349213
od1,8,0,0,0.727273,9,275.407,1,9,255.602,1,1,3.51859e-12,1206.37,1206.41,1206.37,1206.37,1.45532e+06,0,-385.447,1736.97,3819.14,3819.14,1.45858e+07,0,2615.49,4220.35,3819.14,3819.14,2615.49,1,3.16582,-0.00795244,-0.00795244,-0.025176
od1,8,0,0,0.727273,10,287.797,2,11,271.201,0.572796,0.997279,1.68083e-10,11662.8,9862.82,3456.74,-842.357,1.26586e+07,0,-2577.67,-263.918,56463.2,-55147.2,6.22931e+09,0,-51376.7,-56404.1,-55147.2,-53550.2,-49570.8,-0.0722258,65.4678,-0.0704045,0.00508502,0.332905
od1,8,0,0,0.727273,11,287.797,2,10,271.201,0.572796,0.997279,9.17984e-11,-9027.88,-7288.82,-842.357,3456.74,1.26586e+07,0,1103.08,4241.29,-55147.2,56463.2,6.22931e+09,0,50063.7,58596.4,56463.2,54769.8,48152.2,-0.382896,16.3342,0.0544982,-0.0208671,-0.340849
od1,8,0,0,0.727273,12,490.781,1,12,487.707,0.999155,0.999155,1.93375e-13,-1661,-1661,-1606.14,-1606.14,2.57968e+06,0,-1167.95,-1752.2,111.244,111.244,12375.2,0,348.572,32.1347,111.244,109.889,347.983,0.966968,-0.0692618,0.00344799,0.0033341,-0.000230925
od1,8,0,0,0.727273,13,531.573,2,13,519.986,0.499427,0.995854,7.33351e-09,-496869,-497763,514135,-511947,5.26425e+11,0,-514374,-511139,526230,-529588,5.57381e+11,0,-531430,-528973,-529588,-530135,-531846,1.03035,1.03446,0.879197,0.905878,0.937092
od1,8,0,0,0.727273,14,531.573,2,14,519.986,0.499427,0.995854,7.40075e-09,499119,500039,-511947,514135,5.26425e+11,0,513485,514352,-529587,526230,5.57381e+11,0,523497,527141,526230,526793,523934,1.03009,1.02353,-0.883179,-0.909749,-0.931151
od1,8,0,0,0.727273,15,778.274,1,15,764.529,0.999454,0.999454,3.25438e-14,3018.41,3018.7,3034.01,3034.01,9.2052e+06,0,699.811,3812.07,5335.76,5335.76,2.84703e+07,0,1185.08,6719.31,5335.76,5335.83,1184.93,1.00517,1.75865,-0.00249163,-0.0025045,-0.00440454
od1,121,0.090909,0,0,1,34.6959,2,4,39.9409,0.549247,0.904744,8.23019e-11,101.192,107.515,-0.580151,-16.1071,482.846,0,-8.63278,-33.447,6.88967,-27.0886,2404,0,15.1822,-45.6063,-27.0886,41.2981,14.2965,-0.159174,1.68178,-0.04203,0.00669006,0.0112512
od1,121,0.090909,0,0,2,34.6959,2,3,39.9409,0.549247,0.904744,1.67231e-11,60.2008,48.4645,-0.580045,14.9469,482.846,0,35.9127,22.8067,6.88985,40.8681,2404,0,28.4645,49.4301,40.8681,-34.7045,23.3269,0.248284,2.73423,-0.0250044,-0.00620817,-0.0169746
od1,121,0.090909,0,0,3,62.0973,1,5,61.4069,0.999543,0.999543,7.6963e-10,498.712,515.676,503.398,503.398,253409,0,-323.174,778.921,453.586,453.586,205740,0,-371.519,728.621,453.586,468.831,-360.671,1.0094,0.901049,-0.0646657,-0.0652733,-0.0588144
od1,121,0.090909,0,0,4,147.564,2,1,-62.1637,0.346209,0.640877,4.16073e-13,-165.147,-136.301,116.767,74.4645,31976.5,0,-120.709,139.522,1106.18,-275.971,6.85167e+06,0,54.7626,-386.215,-275.971,-331.467,-6.24844,-0.450897,-3.70607,0.00379209,-0.00170984,0.00633679
od1,121,0.090909,0,0,5,147.564,2,2,-62.1637,0.346209,0.640877,3.23361e-13,-111.689,-120.159,120.276,162.578,31976.5,0,-63.0164,237.776,1220.83,2602.98,6.85167e+06,0,2462.79,2649.71,2602.98,2581.89,2444.42,-1.45563,16.0107,0.00256459,-0.00373309,-0.0597692
od1,121,0.090909,0,0,6,183.901,1,8,165.743,0.999109,0.999109,1.0474e-12,-240.68,290.158,-228.233,-228.233,52090.4,0,-613.527,-99.8019,-376.049,-376.049,141413,0,-518.813,-328.46,-376.049,-663.294,-457.388,0.948283,1.64765,0.00355828,0.00337426,0.0055596
od1,121,0.090909,0,0,7,191.549,2,6,156.599,0.463973,0.710862,1.54705e-11,-585.964,-1059.4,-529.022,-725.938,637281,0,-15.7934,-962.654,-289.358,-712.705,525902,0,-57.8745,-930.982,-712.705,154.93,486.181,1.23888,0.981771,0.00798516,0.00989264,0.00971231
od1,121,0.090909,0,0,8,191.549,2,7,156.599,0.463973,0.710862,2.97208e-13,-149.182,-146.838,-529.022,-332.106,637281,0,119.606,-482.676,-289.36,133.988,525902,0,461.914,24.6796,133.988,-289.944,28.4885,2.22618,-0.40345,0.00203296,0.00452573,-0.00182591
od1,121,0.090909,0,0,9,255.649,1,9,231.21,1,1,2.02434e-12,595.196,847.777,595.196,595.196,354258,78907.7,-426.208,935.664,725.569,725.569,526450,108073,553.868,782.802,725.569,1255.76,902.7,0.999999,1.21904,-0.00455347,-0.00455347,-0.00555087
od1,121,0.090909,0,0,10,256.251,2,10,232.036,0.569899,0.999856,5.86152e-13,459.447,459.453,519.776,459.148,546334,78907.7,-252.51,650.563,2100.5,776.139,1.25107e+07,108073,770.137,778.14,776.139,3450.68,3273.96,0.999348,1.69039,-0.00349845,-0.00349617,-0.00590989
od1,121,0.090909,0,0,11,256.251,2,11,232.036,0.569899,0.999856,1.83021e-13,581.254,256.736,518.61,579.239,546334,78144.9,-115.097,856.488,2126.48,3450.84,1.25107e+07,107028,3274.14,3509.73,3450.84,190.479,361.331,0.996533,5.95754,-0.00442594,-0.0044106,-0.0262763
od1,121,0.090909,0,0,12,457.603,1,12,451.357,0.999162,0.999162,2.62192e-14,388.894,358.63,375.495,375.495,140996,0,-53.9706,518.65,-32.9468,-32.9468,1085.49,0,-130.839,-0.316129,-32.9468,-22.6108,-149.426,0.965545,-0.0877423,-0.000928589,-0.000896594,7.86693e-05
od1,121,0.090909,0,0,13,543.598,2,13,532.329,0.547566,0.996258,1.51308e-14,507.338,633.983,557.474,486.023,632084,0,-453.768,799.287,-54.2651,-1824.26,6.29318e+06,0,-3492.31,-1268.25,-1824.26,1721.87,-572.579,0.957987,-3.75345,-0.000858442,-0.000822376,0.00308675
od1,121,0.090909,0,0,14,543.598,2,14,532.329,0.547566,0.996258,1.23679e-14,633.977,573.186,557.727,629.178,632084,0,-387.573,968.096,-48.0096,1721.99,6.29318e+06,0,-567.749,2485.23,1721.99,-1814.66,-3465.66,0.992431,2.73688,-0.00107272,-0.0010646,-0.00291369
od1,121,0.090909,0,0,15,790.542,1,15,767.76,0.999409,0.999409,1.02817e-14,-1676.96,-1732.13,-1680.69,-1680.69,2.82474e+06,0,-75.8806,-2215.63,-3855.11,-3855.11,1.48619e+07,0,-3116.02,-4101.48,-3855.11,-3907.22,-3156.59,1.00223,2.29376,0.00134166,0.00134465,0.0030843
od1,242,0.181818,0,0,1,62.493,2,2,-24.9896,0.494716,0.593789,2.56227e-11,-237.228,-246.473,-24.2195,-32.5004,1310.31,0,3.31958,-80.5591,38.0173,-33.8689,13225.8,0,142.055,-105.436,-33.8689,113.677,136.958,0.137,1.04211,0.030372,0.00416098,0.00433619
od1,242,0.181818,0,0,2,62.493,2,1,-24.9896,0.494716,0.593789,2.36313e-11,-284.017,-247.221,-24.2195,-15.9386,1310.31,0,177.923,-44.4404,38.0171,109.903,13225.8,0,180.833,99.1861,109.903,-34.2669,166.329,0.0561186,-6.89539,0.0363624,0.00204061,-0.0140708
od1,242,0.181818,0,0,3,110.527,1,5,106.769,0.996824,0.996824,4.9671e-10,1396.38,1479.1,1487.79,1487.79,2.21352e+06,0,-494.518,2148.56,1373.88,1373.88,1.88754e+06,0,-579.66,2025.06,1373.88,1439.17,-518.93,1.06546,0.923435,-0.0571532,-0.0608947,-0.0562323
od1,242,0.181818,0,0,4,160.21,2,6,152.034,0.454072,0.598546,6.38527e-13,-1555.16,-213.704,183.146,-109.84,238769,0,-319.777,-39.861,930.745,-606.689,6.46006e+06,0,-316.462,-703.431,-606.689,2372.46,-470.56,0.0706295,5.52339,0.0302947,0.0021397,0.0118184
od1,242,0.181818,0,0,5,160.21,2,7,152.034,0.454072,0.598546,5.54217e-11,-226.161,-1990.96,183.148,476.134,238769,0,-178.675,694.404,930.761,2468.19,6.46006e+06,0,1919.45,2651.11,2468.19,-869.133,1872.49,-2.10529,5.18382,0.00440567,-0.00927518,-0.0480809
od1,242,0.181818,0,0,6,192.633,2,6,152.034,0.302841,0.399196,0,-1555.16,-213.704,-646.507,-1058.07,1.17472e+06,0,-287.62,-1314.89,-395.242,-1367.13,2.20156e+06,0,-581.407,-1629.04,-1367.13,-1495.34,-644.253,0.680364,1.29209,0.0209547,0.0142568,0.0184211
od1,242,0.181818,0,0,7,192.633,2,7,152.034,0.302841,0.399196,0,-226.161,-1990.96,-646.508,-234.942,1.17472e+06,0,76.3127,-338.693,-395.244,576.643,2.20156e+06,0,728.919,525.884,576.643,668.619,786.399,1.03882,-2.45441,0.00304737,0.00316568,-0.00776987
od1,242,0.181818,0,0,8,211.717,1,8,196.877,0.996405,0.996405,5.92217e-14,-439.554,85.628,-474.23,-474.23,224894,0,-2126.28,76.4519,-815.241,-815.241,664618,0,-2243.44,-339.174,-815.241,-364.362,-1964.06,1.07889,1.71908,0.00490312,0.00528992,0.00909382
od1,242,0.181818,0,0,9,264.813,1,9,242.54,1,1,2.797e-12,1017.24,1041.08,1017.24,1017.24,1.03477e+06,65131.7,-879.977,1649.64,1166.88,1166.88,1.3616e+06,90298.6,85.0397,1527.49,1166.88,1371.31,332.108,0.999999,1.1471,-0.00725294,-0.00725294,-0.00831987
od1,242,0.181818,0,0,10,268.938,2,11,247.847,0.864638,0.998617,1.27728e-12,907.425,720.124,892.21,884.28,1.5922e+06,65131.7,-355.946,1268.62,2477.47,1248.06,1.53004e+07,90298.6,703.252,1429.66,1248.06,3706.57,2887.54,0.974494,1.41138,-0.00627299,-0.00611299,-0.00862777
od1,242,0.181818,0,0,11,268.938,2,10,247.847,0.864638,0.998617,1.93721e-12,886.956,886.855,892.209,900.139,1.5922e+06,65125.3,-268.745,1318.83,2477.71,3707.12,1.53004e+07,90289.7,2888.97,3979.84,3707.12,940.988,386.333,1.01486,4.11839,-0.00613149,-0.00622263,-0.0256272
od1,242,0.181818,0,0,12,470.799,1,12,466.007,0.99911,0.99911,2.98049e-13,1309.21,1290.56,1253.75,1253.75,1.5719e+06,0,-39.805,1684.94,727.757,727.757,529630,0,-293.205,1068.08,727.757,742.78,-339.133,0.957643,0.580463,-0.0029533,-0.00282821,-0.00164167
od1,242,0.181818,0,0,13,538.575,2,14,527.262,0.837212,0.996086,2.0067e-14,1032.04,772.068,840.184,653.474,1.48181e+06,0,-1274.38,1296.09,263.686,-1700.72,7.86286e+06,0,-4385.68,-805.727,-1700.72,2229.98,-645.411,0.633187,-2.60258,-0.00177899,-0.00112643,0.00293163
od1,242,0.181818,0,0,14,538.575,2,13,527.262,0.837212,0.996086,3.58541e-14,715.512,1032.01,840.314,1027.02,1.48181e+06,0,-519.398,1542.5,265.042,2229.44,7.86286e+06,0,-641.423,3186.4,2229.44,-1696.2,-4371.37,1.43537,2.17078,-0.00123337,-0.00177034,-0.00384303
od1,242,0.181818,0,0,15,786.409,1,15,767.406,0.999412,0.999412,1.00575e-13,-5319.27,-5360.68,-5320.55,-5320.55,2.83083e+07,0,-317.526,-6988.23,-8013.7,-8013.7,6.42193e+07,0,-3905.22,-9383.19,-8013.7,-8055.71,-3912.42,1.00024,1.50618,0.00430056,0.0043016,0.00647898
od1,253,0.181818,0.090909,0,1,68.7643,1,1,11.6091,0.724449,0.724449,3.83324e-09,-2803.37,-2967.23,-4267.27,-4267.27,1.82096e+07,0.00836701,-6875.06,-3398.01,2344.38,2344.38,5.49612e+06,0.00437872,-3482.82,4286.78,2344.38,2423.55,-3403.7,1.52219,-0.549387,0.296431,0.451226,-0.247897
od1,253,0.181818,0.090909,0,2,70.9292,1,2,53.5318,0.889944,0.889944,1.04412e-05,109682,106083,39292,39292,1.54386e+09,0.00836701,23487.2,44560.3,36591.9,36591.9,1.33897e+09,0.00437872,21302.4,41688.4,36591.9,35782.2,20880.9,0.358237,0.93128,-10.9007,-3.90503,-3.63668
od1,253,0.181818,0.090909,0,3,118.061,1,4,110.17,0.899008,0.899008,1.33802e-08,8316.52,8510.71,-45070.1,-45070.1,2.03132e+09,0,-40748.6,-46510.6,-35829.1,-35829.1,1.28373e+09,0,-34773.8,-36180.9,-35829.1,-36240.4,-35125.4,-5.41935,0.794964,-0.298333,1.61677,1.28528
od1,253,0.181818,0.090909,0,4,165.208,1,6,151.126,0.823098,0.823098,2.03524e-09,11985.5,11998.1,10980.6,10980.6,1.20574e+08,0.000466645,10379.8,11180.9,14616.1,14616.1,2.13629e+08,0.00441512,13137.4,15109,14616.1,14332.4,12939.9,0.916156,1.33108,-0.219567,-0.201158,-0.267757
od1,253,0.181818,0.090909,0,5,169.184,1,5,121.481,0.607138,0.607138,3.33847e-07,167735,154259,118022,118022,1.39291e+10,0.000466645,94053.2,126011,82796.2,82796.2,6.85521e+09,0.00441512,68907.7,87425.7,82796.2,81693.1,66381.7,0.703617,0.701534,-2.93005,-2.06164,-1.44631
od1,253,0.181818,0.090909,0,6,196.185,1,3,109.796,0.589132,0.589132,3.90133e-10,-20509.6,-5410.42,11912,11912,1.41895e+08,0.0268555,10004.5,12547.8,29198.7,29198.7,8.52567e+08,0.0225433,18937.5,32619.2,29198.7,29343.7,19016.8,-0.580799,2.45121,0.266438,-0.154747,-0.379317
od1,253,0.181818,0.090909,0,7,197.003,1,7,171.764,0.647294,0.647294,1.54212e-07,110457,113314,72156.1,72156.1,5.20651e+09,0.0268555,7815.04,93603.1,68718.7,68718.7,4.72226e+09,0.0225433,6618.77,89418.7,68718.7,75788.6,15655.5,0.653253,0.952362,-1.42304,-0.929605,-0.885321
od1,253,0.181818,0.090909,0,8,237.27,1,8,207.579,0.778061,0.778061,1.34492e-07,170247,169841,305978,305978,9.36225e+10,0,192349,343854,357627,357627,1.27897e+11,0,220857,403218,357627,340498,200642,1.79725,1.1688,-1.51204,-2.71752,-3.17624
od1,253,0.181818,0.090909,0,9,253.095,1,9,228.914,0.963479,0.963479,3.2311e-08,-106836,-106732,-55488.2,-55488.2,3.07894e+09,0,-82621.5,-46443.8,-83655.5,-83655.5,6.99824e+09,0,-110991,-74543.8,-83655.5,-71222.4,-95880.1,0.519376,1.50763,0.833914,0.433115,0.652976
od1,253,0.181818,0.090909,0,10,271.343,1,10,250.847,0.999237,0.999237,3.58575e-10,-12223.6,-12198.1,-12248.7,-12248.7,1.5003e+08,0,-13181,-11937.9,-178.001,-178.001,31684.5,0,-5281.79,1523.26,-178.001,-139.544,-5243.47,1.00205,0.0145323,0.0830102,0.0831807,0.00120881
od1,253,0.181818,0.090909,0,11,286.399,1,11,267.518,0.996862,0.996862,1.14391e-08,74512.5,74408.5,71975.1,71975.1,5.18041e+09,0,70428.8,72490.5,133716,133716,1.788e+10,0,115927,139646,133716,133971,115824,0.965946,1.85781,-0.454208,-0.438741,-0.815099
od1,253,0.181818,0.090909,0,12,469.396,1,12,464.374,0.999079,0.999079,8.76423e-09,220427,219739,216136,216136,4.67149e+10,0,151808,237579,292794,292794,8.57285e+10,0,201566,323204,292794,291849,200348,0.980533,1.35467,-0.500214,-0.490477,-0.664436
od1,253,0.181818,0.090909,0,13,536.901,1,13,525.544,0.996001,0.996001,9.68695e-13,-5387.82,-5455.99,-6489.36,-6489.36,4.21118e+07,0,-4638.54,-7106.3,19220.2,19220.2,3.69415e+08,0,7450.51,23143.4,19220.2,19241.2,7451.21,1.20445,-2.9618,0.00934534,0.011256,-0.033338
od1,253,0.181818,0.090909,0,14,542.8,1,14,531.583,0.995877,0.995877,1.51891e-11,-21612.1,-21843.2,-20226.8,-20226.8,4.09123e+08,0,-177922,32338.3,39190.6,39190.6,1.5359e+09,0,-153601,103454,39190.6,39394.1,-153251,0.9359,-1.93756,0.0366765,0.0343255,-0.0665077
od1,253,0.181818,0.090909,0,15,786.715,1,15,768.113,0.999334,0.999334,1.46864e-09,648486,648930,649815,649815,4.22259e+11,0,469462,709932,726377,726377,5.27624e+11,0,503093,800805,726377,726815,503431,1.00205,1.11782,-0.523885,-0.524959,-0.586811
od1,1325,0.909091,0.909091,0.454545,1,112.094,1,1,96.2116,0.779818,0.779818,1.07456e-06,-67077.5,-66966,-64731.3,-64731.3,4.19015e+09,7.19758e-09,-62719.2,-65402,-58850,-58850,3.46332e+09,0.000192485,-55794.7,-59868.4,-58850,-58824.8,-55569.4,0.965023,0.909142,2.66923,2.57587,2.34183
od1,1325,0.909091,0.909091,0.454545,2,115.451,1,2,102.359,0.993437,0.993437,1.01044e-06,72431.7,72442.5,69136.2,69136.2,4.77981e+09,7.19758e-09,69960.2,68861.5,54007.9,54007.9,2.91686e+09,0.000192485,58212.9,52606.3,54007.9,53991.7,58055.2,0.954501,0.781182,-2.71706,-2.59344,-2.02595
od1,1325,0.909091,0.909091,0.454545,3,133.804,1,3,106.74,0.771698,0.771698,4.93739e-07,-67126.4,-67701.4,-32296.5,-32296.5,1.04306e+09,0,-20263.9,-36307.3,-28855.2,-28855.2,8.32624e+08,0,-18306.4,-32371.5,-28855.2,-29484,-18981.7,0.481129,0.893448,1.87466,0.901955,0.80585
od1,1325,0.909091,0.909091,0.454545,4,174.739,1,4,154.233,0.637877,0.637877,1.60141e-08,-45011.3,-45357.9,-12503.9,-12503.9,1.56348e+08,0,-2635.43,-15793.4,-35879.8,-35879.8,1.28736e+09,0,-13609.9,-43303.1,-35879.8,-35954.2,-13292.5,0.277796,2.86948,0.737073,0.204756,0.587543
od1,1325,0.909091,0.909091,0.454545,5,204.202,1,6,192.409,0.998246,0.998246,7.98683e-11,3202.36,3055.9,-7324.69,-7324.69,5.36511e+07,0,-9797.24,-6500.5,-35082.6,-35082.6,1.23079e+09,0,-24036,-38764.8,-35082.6,-34977.7,-24081.6,-2.28728,4.78964,-0.038399,0.0878293,0.420671
od1,1325,0.909091,0.909091,0.454545,6,223.42,1,5,168.929,0.634936,0.634936,9.5543e-08,-103166,-103025,-132004,-132004,1.7425e+10,0,-37413.5,-163534,-68801.9,-68801.9,4.7337e+09,0,-3769.44,-90479.3,-68801.8,-68883.7,-4168.13,1.27952,0.521212,1.03339,1.32225,0.689171
od1,1325,0.909091,0.909091,0.454545,7,255.496,1,8,237.252,0.999071,0.999071,3.1743e-09,34577.8,34670.2,38594.9,38594.9,1.48957e+09,2.51877e-08,40361.5,38006.1,32019.8,32019.8,1.02527e+09,0.0049524,29160.9,32972.8,32019.8,32094,29126.2,1.11618,0.829638,-0.264849,-0.295618,-0.245256
od1,1325,0.909091,0.909091,0.454545,8,257.136,1,7,236.289,0.688379,0.688379,4.14213e-08,-134912,-134666,-52622.8,-52622.8,2.76916e+09,2.51877e-08,-52162.4,-52776.3,-25893,-25893,6.7045e+08,0.0049524,-30880.7,-24230.5,-25893,-26111.4,-31105.7,0.390052,0.49205,1.02023,0.397941,0.195807
od1,1325,0.909091,0.909091,0.454545,9,278.304,1,9,250.251,0.686425,0.686425,2.69338e-08,-105982,-105654,-212982,-212982,4.53611e+10,0,-137620,-238102,-147892,-147892,2.18721e+10,0,-104406,-162388,-147892,-147151,-103571,2.00959,0.69439,0.684173,1.37491,0.954721
od1,1325,0.909091,0.909091,0.454545,10,339.07,1,10,331.668,0.998955,0.998955,3.08128e-09,-75037.1,-75237.3,-78247.7,-78247.7,6.1227e+09,0,-72588.5,-80134.1,-50305.6,-50305.6,2.53066e+09,0,-44352.2,-52290.1,-50305.6,-50424.3,-44582.5,1.04279,0.642902,0.326339,0.340302,0.218781
od1,1325,0.909091,0.909091,0.454545,11,345.198,1,11,336.446,0.998305,0.998305,1.58594e-09,52500.5,52571.1,54003.1,54003.1,2.91634e+09,0,46357.2,56551.7,16416.6,16416.6,2.69503e+08,0,14497.2,17056.3,16416.6,16473,14746.1,1.02862,0.303993,-0.220291,-0.226596,-0.0688834
od1,1325,0.909091,0.909091,0.454545,12,521.06,1,12,507.867,0.995434,0.995434,1.40133e-08,-669966,-669935,-675860,-675860,4.56787e+11,1.14501e-07,-596868,-702191,-643410,-643410,4.13976e+11,0.0247158,-587585,-662018,-643410,-643368,-587560,1.0088,0.951987,1.23381,1.24466,1.1849
od1,1325,0.909091,0.909091,0.454545,13,522.427,1,14,521.532,0.649506,0.649506,5.11832e-11,-51501.5,-44019,-25652.7,-25652.7,6.58061e+08,152831,36909.3,-46506.7,-664.73,-664.73,441866,176334,50575.1,-17744.7,-664.731,66682.9,-42322.4,0.498096,0.0259127,0.0943494,0.046995,0.00121777
od1,1325,0.909091,0.909091,0.454545,14,526.274,1,13,512.256,0.645949,0.645949,3.41633e-09,347528,340205,324517,324517,1.05311e+11,152831,351657,315470,394719,394719,1.55803e+11,176334,388345,396844,394719,327372,481332,0.933785,1.21633,-0.627389,-0.585846,-0.712581
od1,1325,0.909091,0.909091,0.454545,15,768.082,1,15,763.322,0.99979,0.99979,1.13066e-12,-17589.2,-17513.4,-19155.5,-19155.5,3.66935e+08,0,2867.06,-26496.4,-28642.6,-28642.6,8.20396e+08,0,-2368.08,-37400.7,-28642.6,-28548.5,-2341.33,1.08905,1.49526,0.0149074,0.0162349,0.0242754
od1,137,0.090909,0.090909,0.454545,1,112.094,1,1,96.2116,0.779818,0.779818,1.07456e-06,-67077.5,-66966,-64731.3,-64731.3,4.19015e+09,1.06422e-09,-62719.2,-65402,-58850,-58850,3.46332e+09,0.000192486,-55794.7,-59868.4,-58850,-58824.8,-55569.4,0.965023,0.909142,2.66923,2.57587,2.34183
od1,137,0.090909,0.090909,0.454545,2,115.451,1,2,102.359,0.993437,0.993437,1.01044e-06,72431.7,72442.5,69136.2,69136.2,4.77981e+09,1.06422e-09,69960.2,68861.5,54007.9,54007.9,2.91686e+09,0.000192486,58212.9,52606.3,54007.9,53991.8,58055.2,0.954501,0.781182,-2.71706,-2.59344,-2.02595
od1,137,0.090909,0.090909,0.454545,3,133.804,1,3,106.74,0.771698,0.771698,4.93739e-07,-67126.4,-67701.4,-32296.5,-32296.5,1.04306e+09,0,-20263.9,-36307.3,-28855.2,-28855.2,8.32624e+08,0,-18306.4,-32371.5,-28855.2,-29484,-18981.7,0.481129,0.893448,1.87466,0.901955,0.80585
od1,137,0.090909,0.090909,0.454545,4,174.739,1,4,154.233,0.637877,0.637877,1.60141e-08,-45011.3,-45357.9,-12503.9,-12503.9,1.56348e+08,0,-2635.43,-15793.4,-35879.8,-35879.8,1.28736e+09,0,-13609.9,-43303.1,-35879.8,-35954.2,-13292.5,0.277796,2.86948,0.737073,0.204756,0.587543
od1,137,0.090909,0.090909,0.454545,5,204.202,1,6,192.409,0.998246,0.998246,7.98683e-11,3202.36,3055.9,-7324.69,-7324.69,5.36511e+07,0,-9797.24,-6500.5,-35082.6,-35082.6,1.23079e+09,0,-24036,-38764.8,-35082.6,-34977.7,-24081.6,-2.28728,4.78964,-0.038399,0.0878293,0.420671
od1,137,0.090909,0.090909,0.454545,6,223.42,1,5,168.929,0.634936,0.634936,9.5543e-08,-103166,-103025,-132004,-132004,1.7425e+10,0,-37413.5,-163534,-68801.9,-68801.9,4.7337e+09,0,-3769.43,-90479.3,-68801.8,-68883.7,-4168.13,1.27952,0.521212,1.03339,1.32225,0.689171
od1,137,0.090909,0.090909,0.454545,7,255.496,1,8,237.252,0.999071,0.999071,3.1743e-09,34577.8,34670.2,38594.9,38594.9,1.48957e+09,2.90871e-08,40361.5,38006.1,32019.8,32019.8,1.02527e+09,0.00495242,29160.9,32972.8,32019.8,32094,29126.2,1.11618,0.829638,-0.264849,-0.295618,-0.245256
od1,137,0.090909,0.090909,0.454545,8,257.136,1,7,236.289,0.688379,0.688379,4.14213e-08,-134912,-134666,-52622.8,-52622.8,2.76916e+09,2.90871e-08,-52162.4,-52776.3,-25893.1,-25893.1,6.70452e+08,0.00495242,-30880.7,-24230.6,-25893.1,-26111.5,-31105.7,0.390052,0.49205,1.02023,0.397941,0.195807
od1,137,0.090909,0.090909,0.454545,9,278.304,1,9,250.251,0.686425,0.686425,2.69338e-08,-105982,-105654,-212982,-212982,4.53611e+10,0,-137620,-238102,-147892,-147892,2.18721e+10,0,-104406,-162388,-147892,-147151,-103571,2.00959,0.694389,0.684173,1.37491,0.954721
od1,137,0.090909,0.090909,0.454545,10,339.07,1,10,331.668,0.998955,0.998955,3.08128e-09,-75037.1,-75237.3,-78247.7,-78247.7,6.1227e+09,0,-72588.5,-80134.1,-50305.6,-50305.6,2.53066e+09,0,-44352.2,-52290.1,-50305.6,-50424.3,-44582.5,1.04279,0.642903,0.326339,0.340302,0.218781
od1,137,0.090909,0.090909,0.454545,11,345.198,1,11,336.446,0.998305,0.998305,1.58594e-09,52500.5,52571.1,54003.1,54003.1,2.91634e+09,0,46357.2,56551.7,16416.6,16416.6,2.69503e+08,0,14497.2,17056.3,16416.6,16473,14746.1,1.02862,0.303993,-0.220291,-0.226596,-0.0688834
od1,137,0.090909,0.090909,0.454545,12,521.06,1,12,507.867,0.995434,0.995434,1.40133e-08,-669966,-669935,-675860,-675860,4.56787e+11,4.27052e-08,-596868,-702191,-643410,-643410,4.13976e+11,0.0247156,-587585,-662018,-643410,-643368,-587560,1.0088,0.951987,1.23381,1.24466,1.1849
od1,137,0.090909,0.090909,0.454545,13,522.427,1,14,521.532,0.649506,0.649506,5.11832e-11,-51501.5,-44019,-25652.7,-25652.7,6.58059e+08,152831,36909.4,-46506.7,-664.688,-664.688,441810,176334,50575.2,-17744.6,-664.679,66682.9,-42322.4,0.498095,0.0259111,0.0943494,0.046995,0.00121769
od1,137,0.090909,0.090909,0.454545,14,526.274,1,13,512.256,0.645949,0.645949,3.41633e-09,347528,340205,324517,324517,1.05311e+11,152831,351657,315470,394719,394719,1.55803e+11,176334,388345,396844,394719,327372,481332,0.933785,1.21633,-0.627389,-0.585846,-0.712581
od1,137,0.090909,0.090909,0.454545,15,768.082,1,15,763.322,0.99979,0.99979,1.13066e-12,-17589.2,-17513.4,-19155.5,-19155.5,3.66935e+08,0,2867.06,-26496.4,-28642.6,-28642.6,8.20396e+08,0,-2368.08,-37400.7,-28642.6,-28548.5,-2341.34,1.08905,1.49526,0.0149074,0.0162349,0.0242754
od1,138,0.090909,0.090909,0.545455,1,112.094,1,1,96.2116,0.779818,0.779818,1.07456e-06,-67077.5,-66966,-64731.3,-64731.3,4.19015e+09,1.64258e-09,-62719.2,-65402,-58850,-58850,3.46332e+09,0.00019248,-55794.7,-59868.4,-58850,-58824.8,-55569.4,0.965023,0.909142,2.66923,2.57587,2.34183
od1,138,0.090909,0.090909,0.545455,2,115.451,1,2,102.359,0.993437,0.993437,1.01044e-06,72431.7,72442.5,69136.2,69136.2,4.77981e+09,1.64258e-09,69960.2,68861.5,54007.9,54007.9,2.91686e+09,0.00019248,58212.9,52606.3,54007.9,53991.7,58055.2,0.954501,0.781182,-2.71706,-2.59344,-2.02595
od1,138,0.090909,0.090909,0.545455,3,133.804,1,3,106.74,0.771698,0.771698,4.93739e-07,-67126.4,-67701.4,-32296.5,-32296.5,1.04306e+09,0,-20263.9,-36307.3,-28855.2,-28855.2,8.32624e+08,0,-18306.4,-32371.5,-28855.2,-29484,-18981.7,0.481129,0.893448,1.87466,0.901955,0.80585
od1,138,0.090909,0.090909,0.545455,4,174.739,1,4,154.233,0.637877,0.637877,1.60141e-08,-45011.3,-45357.9,-12503.9,-12503.9,1.56348e+08,0,-2635.43,-15793.4,-35879.8,-35879.8,1.28736e+09,0,-13609.9,-43303.1,-35879.8,-35954.2,-13292.5,0.277796,2.86948,0.737073,0.204756,0.587543
od1,138,0.090909,0.090909,0.545455,5,204.202,1,6,192.409,0.998246,0.998246,7.98683e-11,3202.36,3055.9,-7324.69,-7324.69,5.36511e+07,0,-9797.24,-6500.5,-35082.6,-35082.6,1.23079e+09,0,-24036,-38764.8,-35082.6,-34977.7,-24081.6,-2.28728,4.78964,-0.038399,0.0878293,0.420671
od1,138,0.090909,0.090909,0.545455,6,223.42,1,5,168.929,0.634936,0.634936,9.5543e-08,-103166,-103025,-132004,-132004,1.7425e+10,0,-37413.5,-163534,-68801.9,-68801.9,4.7337e+09,0,-3769.44,-90479.3,-68801.8,-68883.7,-4168.13,1.27952,0.521212,1.03339,1.32225,0.689171
od1,138,0.090909,0.090909,0.545455,7,255.496,1,8,237.252,0.999071,0.999071,3.1743e-09,34577.8,34670.2,38594.9,38594.9,1.48957e+09,2.19808e-08,40361.5,38006.1,32019.8,32019.8,1.02527e+09,0.0049524,29160.9,32972.8,32019.8,32094,29126.2,1.11618,0.829638,-0.264849,-0.295618,-0.245256
od1,138,0.090909,0.090909,0.545455,8,257.136,1,7,236.289,0.688379,0.688379,4.14213e-08,-134912,-134666,-52622.8,-52622.8,2.76916e+09,2.19808e-08,-52162.4,-52776.3,-25893,-25893,6.7045e+08,0.0049524,-30880.7,-24230.5,-25893,-26111.4,-31105.7,0.390052,0.49205,1.02023,0.397941,0.195807
od1,138,0.090909,0.090909,0.545455,9,278.304,1,9,250.251,0.686425,0.686425,2.69338e-08,-105982,-105654,-212982,-212982,4.53611e+10,0,-137620,-238102,-147892,-147892,2.18721e+10,0,-104406,-162388,-147892,-147151,-103571,2.00959,0.69439,0.684173,1.37491,0.954721
od1,138,0.090909,0.090909,0.545455,10,339.07,1,10,331.668,0.998955,0.998955,3.08128e-09,-75037.1,-75237.3,-78247.7,-78247.7,6.1227e+09,0,-72588.5,-80134.1,-50305.6,-50305.6,2.53066e+09,0,-44352.2,-52290.1,-50305.6,-50424.3,-44582.5,1.04279,0.642902,0.326339,0.340302,0.218781
od1,138,0.090909,0.090909,0.545455,11,345.198,1,11,336.446,0.998305,0.998305,1.58594e-09,52500.5,52571.1,54003.1,54003.1,2.91634e+09,0,46357.2,56551.7,16416.6,16416.6,2.69503e+08,0,14497.2,17056.3,16416.6,16473,14746.1,1.02862,0.303993,-0.220291,-0.226596,-0.0688834
od1,138,0.090909,0.090909,0.545455,12,521.06,1,12,507.867,0.995434,0.995434,1.40133e-08,-669966,-669935,-675860,-675860,4.56787e+11,9.06955e-08,-596868,-702191,-643410,-643410,4.13976e+11,0.0247158,-587585,-662018,-643410,-643368,-587560,1.0088,0.951987,1.23381,1.24466,1.1849
od1,138,0.090909,0.090909,0.545455,13,522.427,1,14,521.532,0.649506,0.649506,5.11832e-11,-51501.5,-44019,-25652.7,-25652.7,6.58061e+08,152831,36909.3,-46506.7,-664.73,-664.73,441866,176334,50575.1,-17744.7,-664.731,66682.9,-42322.4,0.498096,0.0259127,0.0943494,0.046995,0.00121777
od1,138,0.090909,0.090909,0.545455,14,526.274,1,13,512.256,0.645949,0.645949,3.41633e-09,347528,340205,324517,324517,1.05311e+11,152831,351657,315470,394719,394719,1.55803e+11,176334,388345,396844,394719,327372,481332,0.933785,1.21633,-0.627389,-0.585846,-0.712581
od1,138,0.090909,0.090909,0.545455,15,768.082,1,15,763.322,0.99979,0.99979,1.13066e-12,-17589.2,-17513.4,-19155.5,-19155.5,3.66935e+08,0,2867.06,-26496.4,-28642.6,-28642.6,8.20396e+08,0,-2368.08,-37400.7,-28642.6,-28548.5,-2341.33,1.08905,1.49526,0.0149074,0.0162349,0.0242754
od1,1326,0.909091,0.909091,0.545455,1,112.094,1,1,96.2116,0.779818,0.779818,1.07456e-06,-67077.5,-66966,-64731.3,-64731.3,4.19015e+09,2.16412e-09,-62719.2,-65402,-58850,-58850,3.46332e+09,0.000192485,-55794.7,-59868.4,-58850,-58824.8,-55569.4,0.965023,0.909142,2.66923,2.57587,2.34183
od1,1326,0.909091,0.909091,0.545455,2,115.451,1,2,102.359,0.993437,0.993437,1.01044e-06,72431.7,72442.5,69136.2,69136.2,4.77981e+09,2.16412e-09,69960.2,68861.5,54007.9,54007.9,2.91686e+09,0.000192485,58212.9,52606.3,54007.9,53991.8,58055.2,0.954501,0.781182,-2.71706,-2.59344,-2.02595
od1,1326,0.909091,0.909091,0.545455,3,133.804,1,3,106.74,0.771698,0.771698,4.93739e-07,-67126.4,-67701.4,-32296.5,-32296.5,1.04306e+09,0,-20263.9,-36307.3,-28855.2,-28855.2,8.32624e+08,0,-18306.4,-32371.5,-28855.2,-29484,-18981.7,0.481129,0.893448,1.87466,0.901955,0.80585
od1,1326,0.909091,0.909091,0.545455,4,174.739,1,4,154.233,0.637877,0.637877,1.60141e-08,-45011.3,-45357.9,-12503.9,-12503.9,1.56348e+08,0,-2635.43,-15793.4,-35879.8,-35879.8,1.28736e+09,0,-13609.9,-43303.1,-35879.8,-35954.2,-13292.5,0.277796,2.86948,0.737073,0.204756,0.587543
od1,1326,0.909091,0.909091,0.545455,5,204.202,1,6,192.409,0.998246,0.998246,7.98683e-11,3202.36,3055.9,-7324.69,-7324.69,5.36511e+07,0,-9797.24,-6500.5,-35082.6,-35082.6,1.23079e+09,0,-24036,-38764.8,-35082.6,-34977.7,-24081.6,-2.28728,4.78964,-0.038399,0.0878293,0.420671
od1,1326,0.909091,0.909091,0.545455,6,223.42,1,5,168.929,0.634936,0.634936,9.5543e-08,-103166,-103025,-132004,-132004,1.7425e+10,0,-37413.5,-163534,-68801.9,-68801.9,4.7337e+09,0,-3769.43,-90479.3,-68801.8,-68883.7,-4168.13,1.27952,0.521212,1.03339,1.32225,0.689171
od1,1326,0.909091,0.909091,0.545455,7,255.496,1,8,237.252,0.999071,0.999071,3.1743e-09,34577.8,34670.2,38594.9,38594.9,1.48957e+09,1.42795e-08,40361.5,38006.1,32019.8,32019.8,1.02527e+09,0.00495241,29160.9,32972.8,32019.8,32094,29126.2,1.11618,0.829638,-0.264849,-0.295618,-0.245256
od1,1326,0.909091,0.909091,0.545455,8,257.136,1,7,236.289,0.688379,0.688379,4.14213e-08,-134912,-134666,-52622.8,-52622.8,2.76916e+09,1.42795e-08,-52162.4,-52776.3,-25893.1,-25893.1,6.70452e+08,0.00495241,-30880.7,-24230.6,-25893.1,-26111.5,-31105.7,0.390052,0.49205,1.02023,0.397941,0.195807
od1,1326,0.909091,0.909091,0.545455,9,278.304,1,9,250.251,0.686425,0.686425,2.69338e-08,-105982,-105654,-212982,-212982,4.53611e+10,0,-137620,-238102,-147892,-147892,2.18721e+10,0,-104406,-162388,-147892,-147151,-103571,2.00959,0.694389,0.684173,1.37491,0.954721
od1,1326,0.909091,0.909091,0.545455,10,339.07,1,10,331.668,0.998955,0.998955,3.08128e-09,-75037.1,-75237.3,-78247.7,-78247.7,6.1227e+09,0,-72588.5,-80134.1,-50305.6,-50305.6,2.53066e+09,0,-44352.2,-52290.1,-50305.6,-50424.3,-44582.5,1.04279,0.642903,0.326339,0.340302,0.218781
od1,1326,0.909091,0.909091,0.545455,11,345.198,1,11,336.446,0.998305,0.998305,1.58594e-09,52500.5,52571.1,54003.1,54003.1,2.91634e+09,0,46357.2,56551.7,16416.6,16416.6,2.69503e+08,0,14497.2,17056.3,16416.6,16473,14746.1,1.02862,0.303993,-0.220291,-0.226596,-0.0688834
od1,1326,0.909091,0.909091,0.545455,12,521.06,1,12,507.867,0.995434,0.995434,1.40133e-08,-669966,-669935,-675860,-675860,4.56787e+11,7.92659e-08,-596868,-702191,-643410,-643410,4.13976e+11,0.0247156,-587585,-662018,-643410,-643368,-587560,1.0088,0.951987,1.23381,1.24466,1.1849
od1,1326,0.909091,0.909091,0.545455,13,522.427,1,14,521.532,0.649506,0.649506,5.11832e-11,-51501.5,-44019,-25652.7,-25652.7,6.58059e+08,152831,36909.4,-46506.7,-664.688,-664.688,441810,176334,50575.2,-17744.6,-664.679,66682.9,-42322.4,0.498095,0.0259111,0.0943494,0.046995,0.00121769
od1,1326,0.909091,0.909091,0.545455,14,526.274,1,13,512.256,0.645949,0.645949,3.41633e-09,347528,340205,324517,324517,1.05311e+11,152831,351657,315470,394719,394719,1.55803e+11,176334,388345,396844,394719,327372,481332,0.933785,1.21633,-0.627389,-0.585846,-0.712581
od1,1326,0.909091,0.909091,0.545455,15,768.082,1,15,763.322,0.99979,0.99979,1.13066e-12,-17589.2,-17513.4,-19155.5,-19155.5,3.66935e+08,0,2867.06,-26496.4,-28642.6,-28642.6,8.20396e+08,0,-2368.08,-37400.7,-28642.6,-28548.5,-2341.34,1.08905,1.49526,0.0149074,0.0162349,0.0242754
od1,1227,0.909091,0.090909,0.545455,1,112.094,1,1,96.2116,0.779818,0.779818,1.06835e-06,66907.9,66772,64258.8,64258.8,4.1292e+09,0.00215194,63033,64667.4,58249.9,58249.9,3.39305e+09,0.00205968,56226.7,58924.3,58249.9,58209.4,55991.4,0.960408,0.906488,-2.66248,-2.55707,-2.31795
od1,1227,0.909091,0.090909,0.545455,2,115.451,1,2,102.359,0.993437,0.993437,9.94983e-07,-71908.1,-71886.4,-68606.7,-68606.7,4.70688e+09,0.00215194,-69592.5,-68278.2,-53645,-53645,2.87779e+09,0.00205968,-57729.4,-52283.6,-53645,-53595.8,-57540.7,0.954089,0.781921,2.69742,2.57358,2.01234
od1,1227,0.909091,0.090909,0.545455,3,133.804,1,3,106.74,0.771698,0.771698,5.02419e-07,67681.9,68293.9,33039.1,33039.1,1.09158e+09,0,21248.9,36969.2,30290.5,30290.5,9.17517e+08,0,20039.3,33707.6,30290.5,30865.4,20655.3,0.488153,0.916809,-1.89018,-0.922695,-0.845935
od1,1227,0.909091,0.090909,0.545455,4,174.739,1,4,154.233,0.637877,0.637877,1.28981e-08,40808.1,40706.6,12458.8,12458.8,1.55223e+08,0,2266.33,15856.3,36112.9,36112.9,1.30414e+09,0,13726.5,43575,36112.9,36003.5,13231.3,0.305303,2.89858,-0.668246,-0.204017,-0.59136
od1,1227,0.909091,0.090909,0.545455,5,204.202,1,6,192.409,0.998246,0.998246,5.61413e-12,-825.974,-810.201,9509.25,9509.25,9.04258e+07,0,11982.9,8684.69,38248.9,38248.9,1.46297e+09,0,27444,41850.5,38248.9,38079.2,27381.8,-11.5128,4.02228,0.00990414,-0.114024,-0.458636
od1,1227,0.909091,0.090909,0.545455,6,223.42,1,5,168.929,0.634936,0.634936,1.04972e-07,107833,107989,132733,132733,1.76181e+10,0,37287.5,164548,71981.2,71981.2,5.18129e+09,0,6102.5,93940.8,71981.2,72121.2,6546.41,1.23091,0.5423,-1.08014,-1.32956,-0.721018
od1,1227,0.909091,0.090909,0.545455,7,255.496,1,8,237.252,0.999071,0.999071,2.94422e-09,-33337.4,-33390.1,-37339.8,-37339.8,1.39426e+09,0.0159336,-41823,-35845.4,-28565.7,-28565.7,8.16001e+08,0.0160244,-27353,-28970,-28565.7,-28613.1,-27276.8,1.12006,0.76502,0.255348,0.286004,0.218799
od1,1227,0.909091,0.090909,0.545455,8,257.136,1,7,236.289,0.688379,0.688379,4.18287e-08,135725,135327,55513.5,55513.5,3.08175e+09,0.0159336,52087.3,56655.5,30563.2,30563.2,9.34109e+08,0.0160244,32954.7,29766,30563.2,30862.7,33199.1,0.409014,0.550555,-1.02637,-0.419801,-0.231123
od1,1227,0.909091,0.090909,0.545455,9,278.304,1,9,250.251,0.686425,0.686425,2.76174e-08,107210,106986,212401,212401,4.5114e+10,0,136111,237830,149426,149426,2.23281e+10,0,105093,164203,149426,148630,104351,1.98116,0.70351,-0.692097,-1.37116,-0.964623
od1,1227,0.909091,0.090909,0.545455,10,339.07,1,10,331.668,0.998955,0.998955,3.15215e-09,75914,76097.7,79154.8,79154.8,6.26548e+09,0,71308.7,81770.1,51144.4,51144.4,2.61575e+09,0,43393.5,53728,51144.4,51267.7,43593.9,1.04269,0.646131,-0.330152,-0.344247,-0.222428
od1,1227,0.909091,0.090909,0.545455,11,345.198,1,11,336.446,0.998305,0.998305,1.40051e-09,-49278.3,-49402.1,-50777.4,-50777.4,2.57835e+09,0,-47396.8,-51904.3,-12681.6,-12681.6,1.60822e+08,0,-14244.5,-12160.6,-12681.6,-12774.6,-14546.9,1.03042,0.249748,0.20677,0.213061,0.0532115
od1,1227,0.909091,0.090909,0.545455,12,521.06,1,12,507.867,0.995434,0.995434,1.41492e-08,673073,673175,678723,678723,4.60665e+11,0.157956,596889,706001,639935,639935,4.09517e+11,0.170311,579742,659999,639935,639996,579831,1.00839,0.942852,-1.23953,-1.24993,-1.1785
od1,1227,0.909091,0.090909,0.545455,13,522.427,1,14,521.532,0.649506,0.649506,5.31534e-11,50958.2,44858.2,26690.4,26690.4,7.12376e+08,150480,-36177,47646.2,3132.57,3132.57,9.81302e+06,177734,-49427.1,20652.5,3132.57,112296,44885,0.52377,0.117367,-0.0933541,-0.048896,-0.00573879
od1,1227,0.909091,0.090909,0.545455,14,526.274,1,13,512.256,0.645949,0.645949,3.34985e-09,-342986,-336879,-321591,-321591,1.03421e+11,150480,-351323,-311680,-395732,-395732,1.56604e+11,177734,-393545,-396461,-395732,-504824,-487847,0.937621,1.23055,0.619188,0.580564,0.71441
od1,1227,0.909091,0.090909,0.545455,15,768.082,1,15,763.322,0.99979,0.99979,1.95468e-12,23086.7,23027.3,24696.4,24696.4,6.09913e+08,0,-2471.25,33752.3,39219.2,39219.2,1.53814e+09,0,3554.91,51107.3,39219.2,39155.4,3523.13,1.06972,1.58805,-0.0195667,-0.020931,-0.0332394
od1,1226,0.909091,0.090909,0.454545,1,112.094,1,1,96.2116,0.779818,0.779818,1.06835e-06,66907.9,66772,64258.8,64258.8,4.1292e+09,0.00215194,63033,64667.4,58249.9,58249.9,3.39305e+09,0.00205969,56226.7,58924.3,58249.9,58209.4,55991.4,0.960408,0.906488,-2.66248,-2.55707,-2.31795
od1,1226,0.909091,0.090909,0.454545,2,115.451,1,2,102.359,0.993437,0.993437,9.94983e-07,-71908.1,-71886.4,-68606.7,-68606.7,4.70688e+09,0.00215194,-69592.5,-68278.2,-53645,-53645,2.87779e+09,0.00205969,-57729.4,-52283.6,-53645,-53595.8,-57540.7,0.954089,0.781921,2.69742,2.57358,2.01234
od1,1226,0.909091,0.090909,0.454545,3,133.804,1,3,106.74,0.771698,0.771698,5.02419e-07,67681.9,68293.9,33039.1,33039.1,1.09158e+09,0,21248.9,36969.2,30290.5,30290.5,9.17517e+08,0,20039.3,33707.6,30290.5,30865.4,20655.3,0.488153,0.916809,-1.89018,-0.922695,-0.845935
od1,1226,0.909091,0.090909,0.454545,4,174.739,1,4,154.233,0.637877,0.637877,1.28981e-08,40808.1,40706.6,12458.8,12458.8,1.55223e+08,0,2266.33,15856.3,36112.9,36112.9,1.30414e+09,0,13726.5,43575,36112.9,36003.5,13231.3,0.305303,2.89858,-0.668246,-0.204017,-0.591359
od1,1226,0.909091,0.090909,0.454545,5,204.202,1,6,192.409,0.998246,0.998246,5.61413e-12,-825.974,-810.201,9509.25,9509.25,9.04258e+07,0,11982.9,8684.69,38248.8,38248.8,1.46297e+09,0,27444,41850.5,38248.9,38079.2,27381.7,-11.5128,4.02228,0.00990414,-0.114024,-0.458636
od1,1226,0.909091,0.090909,0.454545,6,223.42,1,5,168.929,0.634936,0.634936,1.04972e-07,107833,107989,132733,132733,1.76181e+10,0,37287.5,164548,71981.2,71981.2,5.18129e+09,0,6102.5,93940.7,71981.2,72121.2,6546.41,1.23091,0.5423,-1.08014,-1.32956,-0.721018
od1,1226,0.909091,0.090909,0.454545,7,255.496,1,8,237.252,0.999071,0.999071,2.94422e-09,-33337.4,-33390.1,-37339.8,-37339.8,1.39426e+09,0.0159336,-41823,-35845.4,-28565.7,-28565.7,8.16e+08,0.0160244,-27353,-28970,-28565.7,-28613.1,-27276.8,1.12006,0.76502,0.255348,0.286004,0.218799
od1,1226,0.909091,0.090909,0.454545,8,257.136,1,7,236.289,0.688379,0.688379,4.18287e-08,135725,135327,55513.5,55513.5,3.08175e+09,0.0159336,52087.3,56655.5,30563.2,30563.2,9.34106e+08,0.0160244,32954.7,29766,30563.2,30862.6,33199.1,0.409014,0.550554,-1.02637,-0.419801,-0.231123
od1,1226,0.909091,0.090909,0.454545,9,278.304,1,9,250.251,0.686425,0.686425,2.76174e-08,107210,106986,212401,212401,4.5114e+10,0,136111,237830,149426,149426,2.23281e+10,0,105093,164204,149426,148630,104351,1.98116,0.70351,-0.692097,-1.37116,-0.964623
od1,1226,0.909091,0.090909,0.454545,10,339.07,1,10,331.668,0.998955,0.998955,3.15215e-09,75914,76097.7,79154.8,79154.8,6.26548e+09,0,71308.7,81770.1,51144.4,51144.4,2.61575e+09,0,43393.5,53728,51144.4,51267.7,43593.9,1.04269,0.646131,-0.330152,-0.344247,-0.222428
od1,1226,0.909091,0.090909,0.454545,11,345.198,1,11,336.446,0.998305,0.998305,1.40051e-09,-49278.3,-49402.1,-50777.4,-50777.4,2.57835e+09,0,-47396.8,-51904.3,-12681.6,-12681.6,1.60822e+08,0,-14244.5,-12160.6,-12681.6,-12774.6,-14546.9,1.03042,0.249748,0.20677,0.213061,0.0532115
od1,1226,0.909091,0.090909,0.454545,12,521.06,1,12,507.867,0.995434,0.995434,1.41492e-08,673073,673175,678723,678723,4.60665e+11,0.157956,596889,706001,639935,639935,4.09517e+11,0.170311,579742,659999,639935,639996,579831,1.00839,0.942852,-1.23953,-1.24993,-1.1785
od1,1226,0.909091,0.090909,0.454545,13,522.427,1,14,521.532,0.649506,0.649506,5.31534e-11,50958.2,44858.2,26690.4,26690.4,7.12376e+08,150480,-36177,47646.2,3132.58,3132.58,9.81304e+06,177734,-49427.1,20652.5,3132.58,112296,44885,0.52377,0.117367,-0.0933541,-0.048896,-0.00573879
od1,1226,0.909091,0.090909,0.454545,14,526.274,1,13,512.256,0.645949,0.645949,3.34985e-09,-342986,-336879,-321591,-321591,1.03421e+11,150480,-351323,-311680,-395732,-395732,1.56604e+11,177734,-393545,-396461,-395732,-504824,-487847,0.937621,1.23055,0.619188,0.580564,0.71441
od1,1226,0.909091,0.090909,0.454545,15,768.082,1,15,763.322,0.99979,0.99979,1.95468e-12,23086.7,23027.3,24696.4,24696.4,6.09913e+08,0,-2471.25,33752.3,39219.2,39219.2,1.53814e+09,0,3554.91,51107.3,39219.2,39155.4,3523.13,1.06972,1.58805,-0.0195667,-0.020931,-0.0332394
od1,236,0.090909,0.909091,0.454545,1,112.094,1,1,96.2116,0.779818,0.779818,1.06835e-06,66907.9,66772,64258.8,64258.8,4.1292e+09,0.00215194,63033,64667.4,58249.9,58249.9,3.39305e+09,0.00205967,56226.7,58924.3,58249.9,58209.4,55991.4,0.960408,0.906488,-2.66248,-2.55707,-2.31795
od1,236,0.090909,0.909091,0.454545,2,115.451,1,2,102.359,0.993437,0.993437,9.94983e-07,-71908.1,-71886.4,-68606.7,-68606.7,4.70688e+09,0.00215194,-69592.5,-68278.2,-53645,-53645,2.87779e+09,0.00205967,-57729.4,-52283.6,-53645,-53595.8,-57540.7,0.954089,0.781921,2.69742,2.57358,2.01234
od1,236,0.090909,0.909091,0.454545,3,133.804,1,3,106.74,0.771698,0.771698,5.02419e-07,67681.9,68293.9,33039.1,33039.1,1.09158e+09,0,21248.9,36969.2,30290.5,30290.5,9.17517e+08,0,20039.3,33707.6,30290.5,30865.4,20655.3,0.488153,0.916809,-1.89018,-0.922695,-0.845935
od1,236,0.090909,0.909091,0.454545,4,174.739,1,4,154.233,0.637877,0.637877,1.28981e-08,40808.1,40706.6,12458.8,12458.8,1.55223e+08,0,2266.33,15856.3,36112.9,36112.9,1.30414e+09,0,13726.5,43575,36112.9,36003.5,13231.3,0.305303,2.89858,-0.668246,-0.204017,-0.59136
od1,236,0.090909,0.909091,0.454545,5,204.202,1,6,192.409,0.998246,0.998246,5.61413e-12,-825.974,-810.201,9509.25,9509.25,9.04258e+07,0,11982.9,8684.69,38248.9,38248.9,1.46297e+09,0,27444,41850.5,38248.9,38079.2,27381.8,-11.5128,4.02228,0.00990414,-0.114024,-0.458636
od1,236,0.090909,0.909091,0.454545,6,223.42,1,5,168.929,0.634936,0.634936,1.04972e-07,107833,107989,132733,132733,1.76181e+10,0,37287.5,164548,71981.2,71981.2,5.18129e+09,0,6102.5,93940.8,71981.2,72121.2,6546.41,1.23091,0.5423,-1.08014,-1.32956,-0.721018
od1,236,0.090909,0.909091,0.454545,7,255.496,1,8,237.252,0.999071,0.999071,2.94422e-09,-33337.4,-33390.1,-37339.8,-37339.8,1.39426e+09,0.0159336,-41823,-35845.4,-28565.7,-28565.7,8.16001e+08,0.0160244,-27353,-28970,-28565.7,-28613.1,-27276.8,1.12006,0.76502,0.255348,0.286004,0.218799
od1,236,0.090909,0.909091,0.454545,8,257.136,1,7,236.289,0.688379,0.688379,4.18287e-08,135725,135327,55513.5,55513.5,3.08175e+09,0.0159336,52087.3,56655.5,30563.2,30563.2,9.34109e+08,0.0160244,32954.7,29766,30563.2,30862.7,33199.1,0.409014,0.550555,-1.02637,-0.419801,-0.231123
od1,236,0.090909,0.909091,0.454545,9,278.304,1,9,250.251,0.686425,0.686425,2.76174e-08,107210,106986,212401,212401,4.5114e+10,0,136111,237830,149426,149426,2.23281e+10,0,105093,164203,149426,148630,104351,1.98116,0.70351,-0.692097,-1.37116,-0.964623
od1,236,0.090909,0.909091,0.454545,10,339.07,1,10,331.668,0.998955,0.998955,3.15215e-09,75914,76097.7,79154.8,79154.8,6.26548e+09,0,71308.7,81770.1,51144.4,51144.4,2.61575e+09,0,43393.5,53728,51144.4,51267.7,43593.9,1.04269,0.646131,-0.330152,-0.344247,-0.222428
od1,236,0.090909,0.909091,0.454545,11,345.198,1,11,336.446,0.998305,0.998305,1.40051e-09,-49278.3,-49402.1,-50777.4,-50777.4,2.57835e+09,0,-47396.8,-51904.3,-12681.6,-12681.6,1.60822e+08,0,-14244.5,-12160.6,-12681.6,-12774.6,-14546.9,1.03042,0.249748,0.20677,0.213061,0.0532115
od1,236,0.090909,0.909091,0.454545,12,521.06,1,12,507.867,0.995434,0.995434,1.41492e-08,673073,673175,678723,678723,4.60665e+11,0.157956,596889,706001,639935,639935,4.09517e+11,0.170311,579742,659999,639935,639996,579831,1.00839,0.942852,-1.23953,-1.24993,-1.1785
od1,236,0.090909,0.909091,0.454545,13,522.427,1,14,521.532,0.649506,0.649506,5.31534e-11,50958.2,44858.2,26690.4,26690.4,7.12376e+08,150480,-36177,47646.2,3132.57,3132.57,9.81302e+06,177734,-49427.1,20652.5,3132.57,112296,44885,0.52377,0.117367,-0.0933541,-0.048896,-0.00573879
od1,236,0.090909,0.909091,0.454545,14,526.274,1,13,512.256,0.645949,0.645949,3.34985e-09,-342986,-336879,-321591,-321591,1.03421e+11,150480,-351323,-311680,-395732,-395732,1.56604e+11,177734,-393545,-396461,-395732,-504824,-487847,0.937621,1.23055,0.619188,0.580564,0.71441
od1,236,0.090909,0.909091,0.454545,15,768.082,1,15,763.322,0.99979,0.99979,1.95468e-12,23086.7,23027.3,24696.4,24696.4,6.09913e+08,0,-2471.25,33752.3,39219.2,39219.2,1.53814e+09,0,3554.91,51107.3,39219.2,39155.4,3523.13,1.06972,1.58805,-0.0195667,-0.020931,-0.0332394
od1,237,0.090909,0.909091,0.545455,1,112.094,1,1,96.2116,0.779818,0.779818,1.06835e-06,66907.9,66772,64258.8,64258.8,4.1292e+09,0.00215194,63033,64667.4,58249.9,58249.9,3.39305e+09,0.00205969,56226.7,58924.3,58249.9,58209.4,55991.4,0.960408,0.906488,-2.66248,-2.55707,-2.31795
od1,237,0.090909,0.909091,0.545455,2,115.451,1,2,102.359,0.993437,0.993437,9.94983e-07,-71908.1,-71886.4,-68606.7,-68606.7,4.70688e+09,0.00215194,-69592.5,-68278.2,-53645,-53645,2.87779e+09,0.00205969,-57729.4,-52283.6,-53645,-53595.8,-57540.7,0.954089,0.781921,2.69742,2.57358,2.01234
od1,237,0.090909,0.909091,0.545455,3,133.804,1,3,106.74,0.771698,0.771698,5.02419e-07,67681.9,68293.9,33039.1,33039.1,1.09158e+09,0,21248.9,36969.2,30290.5,30290.5,9.17517e+08,0,20039.3,33707.6,30290.5,30865.4,20655.3,0.488153,0.916809,-1.89018,-0.922695,-0.845935
od1,237,0.090909,0.909091,0.545455,4,174.739,1,4,154.233,0.637877,0.637877,1.28981e-08,40808.1,40706.6,12458.8,12458.8,1.55223e+08,0,2266.33,15856.3,36112.9,36112.9,1.30414e+09,0,13726.5,43575,36112.9,36003.5,13231.3,0.305303,2.89858,-0.668246,-0.204017,-0.591359
od1,237,0.090909,0.909091,0.545455,5,204.202,1,6,192.409,0.998246,0.998246,5.61413e-12,-825.974,-810.201,9509.25,9509.25,9.04258e+07,0,11982.9,8684.69,38248.8,38248.8,1.46297e+09,0,27444,41850.5,38248.9,38079.2,27381.7,-11.5128,4.02228,0.00990414,-0.114024,-0.458636
od1,237,0.090909,0.909091,0.545455,6,223.42,1,5,168.929,0.634936,0.634936,1.04972e-07,107833,107989,132733,132733,1.76181e+10,0,37287.5,164548,71981.2,71981.2,5.18129e+09,0,6102.5,93940.7,71981.2,72121.2,6546.41,1.23091,0.5423,-1.08014,-1.32956,-0.721018
od1,237,0.090909,0.909091,0.545455,7,255.496,1,8,237.252,0.999071,0.999071,2.94422e-09,-33337.4,-33390.1,-37339.8,-37339.8,1.39426e+09,0.0159336,-41823,-35845.4,-28565.7,-28565.7,8.16e+08,0.0160244,-27353,-28970,-28565.7,-28613.1,-27276.8,1.12006,0.76502,0.255348,0.286004,0.218799
od1,237,0.090909,0.909091,0.545455,8,257.136,1,7,236.289,0.688379,0.688379,4.18287e-08,135725,135327,55513.5,55513.5,3.08175e+09,0.0159336,52087.3,56655.5,30563.2,30563.2,9.34106e+08,0.0160244,32954.7,29766,30563.2,30862.6,33199.1,0.409014,0.550554,-1.02637,-0.419801,-0.231123
od1,237,0.090909,0.909091,0.545455,9,278.304,1,9,250.251,0.686425,0.686425,2.76174e-08,107210,106986,212401,212401,4.5114e+10,0,136111,237830,149426,149426,2.23281e+10,0,105093,164204,149426,148630,104351,1.98116,0.70351,-0.692097,-1.37116,-0.964623
od1,237,0.090909,0.909091,0.545455,10,339.07,1,10,331.668,0.998955,0.998955,3.15215e-09,75914,76097.7,79154.8,79154.8,6.26548e+09,0,71308.7,81770.1,51144.4,51144.4,2.61575e+09,0,43393.5,53728,51144.4,51267.7,43593.9,1.04269,0.646131,-0.330152,-0.344247,-0.222428
od1,237,0.090909,0.909091,0.545455,11,345.198,1,11,336.446,0.998305,0.998305,1.40051e-09,-49278.3,-49402.1,-50777.4,-50777.4,2.57835e+09,0,-47396.8,-51904.3,-12681.6,-12681.6,1.60822e+08,0,-14244.5,-12160.6,-12681.6,-12774.6,-14546.9,1.03042,0.249748,0.20677,0.213061,0.0532115
od1,237,0.090909,0.909091,0.545455,12,521.06,1,12,507.867,0.995434,0.995434,1.41492e-08,673073,673175,678723,678723,4.60665e+11,0.157956,596889,706001,639935,639935,4.09517e+11,0.170311,579742,659999,639935,639996,579831,1.00839,0.942852,-1.23953,-1.24993,-1.1785
od1,237,0.090909,0.909091,0.545455,13,522.427,1,14,521.532,0.649506,0.649506,5.31534e-11,50958.2,44858.2,26690.4,26690.4,7.12376e+08,150480,-36177,47646.2,3132.58,3132.58,9.81304e+06,177734,-49427.1,20652.5,3132.58,112296,44885,0.52377,0.117367,-0.0933541,-0.048896,-0.00573879
od1,237,0.090909,0.909091,0.545455,14,526.274,1,13,512.256,0.645949,0.645949,3.34985e-09,-342986,-336879,-321591,-321591,1.03421e+11,150480,-351323,-311680,-395732,-395732,1.56604e+11,177734,-393545,-396461,-395732,-504824,-487847,0.937621,1.23055,0.619188,0.580564,0.71441
od1,237,0.090909,0.909091,0.545455,15,768.082,1,15,763.322,0.99979,0.99979,1.95468e-12,23086.7,23027.3,24696.4,24696.4,6.09913e+08,0,-2471.25,33752.3,39219.2,39219.2,1.53814e+09,0,3554.91,51107.3,39219.2,39155.4,3523.13,1.06972,1.58805,-0.0195667,-0.020931,-0.0332394
od1,1314,0.909091,0.818182,0.454545,1,112.633,1,1,98.037,0.795149,0.795149,5.23673e-07,-48293.8,-46009.8,-54354.8,-54354.8,2.95444e+09,0,-52525.3,-54964.6,-51157.9,-51157.9,2.61713e+09,0,-47300.4,-52443.8,-51157.9,-49270.4,-49555.8,1.1255,0.941186,1.90341,2.1423,2.0163
od1,1314,0.909091,0.818182,0.454545,2,118.121,1,3,105.267,0.885532,0.885532,8.27404e-07,69973.7,68374.6,64583.5,64583.5,4.17103e+09,0,65013.8,64440.1,46692.1,46692.1,2.18016e+09,0,52181.2,44862.5,46692.1,44959.3,55040.5,0.922969,0.722973,-2.50755,-2.31439,-1.67324
od1,1314,0.909091,0.818182,0.454545,3,127.663,1,2,104.834,0.7027,0.7027,3.30922e-07,-47190.8,-49034.3,-8625.01,-8625.01,7.43909e+07,0,-841.971,-11219.4,-1202.23,-1202.23,1.44535e+06,0,3158.02,-2655.64,-1202.23,-2033.71,2018.38,0.182769,0.139388,1.44777,0.264607,0.0368832
od1,1314,0.909091,0.818182,0.454545,4,187.361,1,4,167.584,0.714196,0.714196,1.02085e-07,-125486,-121545,-51793.7,-51793.7,2.68259e+09,0,-29698.6,-59158.8,-99742.8,-99742.8,9.94862e+09,0,-53281,-115230,-99742.8,-99848.2,-53378.9,0.412744,1.92577,1.78734,0.737713,1.42066
od1,1314,0.909091,0.818182,0.454545,5,212.864,1,6,192.252,0.534496,0.534496,7.75181e-08,-7449.66,-7197.24,-27608.9,-27608.9,7.62252e+08,0,-13557.5,-32292.7,-15874.7,-15874.7,2.52006e+08,0,-7923.06,-18525.2,-15874.7,-20387.5,-12427.3,3.70607,0.574984,0.0822054,0.304659,0.175174
od1,1314,0.909091,0.818182,0.454545,6,218.16,1,6,192.252,0.449648,0.449648,0,-7449.66,-7197.24,-101443,-101443,1.02907e+10,0,-57586.2,-116062,-73142.3,-73142.3,5.3498e+09,0,-42920.8,-83216.2,-73142.3,-67439.1,-37347.7,13.6172,0.721018,0.0782631,1.06572,0.768404
od1,1314,0.909091,0.818182,0.454545,7,254.222,1,7,235.052,0.826904,0.826904,7.84014e-10,-16905.9,-17530.2,-30298.9,-30298.9,9.18025e+08,0,-15942.2,-35084.5,-6844.01,-6844.01,4.68405e+07,0,-2569.83,-8268.74,-6844.02,-8123.59,-2826.83,1.79221,0.225883,0.130792,0.234408,0.0529487
od1,1314,0.909091,0.818182,0.454545,8,260.288,1,8,242.105,0.824575,0.824575,1.72602e-10,-7851.09,-8253.38,-49530.8,-49530.8,2.4533e+09,0,-4085.68,-64679.2,-19117.6,-19117.6,3.65484e+08,0,12032.4,-29501,-19117.6,-18379,11812.5,6.30878,0.385975,0.0579416,0.365541,0.141089
od1,1314,0.909091,0.818182,0.454545,9,333.013,1,9,311.61,0.976625,0.976625,3.47883e-08,-224858,-224631,-211253,-211253,4.46276e+10,0,-136299,-236237,-110571,-110571,1.2226e+10,0,-85374.6,-118970,-110571,-109712,-84679.8,0.939491,0.523407,1.01381,0.952467,0.498528
od1,1314,0.909091,0.818182,0.454545,10,341.536,1,10,333.356,0.985921,0.985921,4.52287e-10,-28057.8,-28613.8,-38389.5,-38389.5,1.47376e+09,0,-35088.5,-39489.9,-41486.7,-41486.7,1.72115e+09,0,-34431,-43838.7,-41486.7,-42363.7,-35044.6,1.36823,1.08068,0.120268,0.164554,0.17783
od1,1314,0.909091,0.818182,0.454545,11,374.73,1,11,368.111,0.997661,0.997661,5.9426e-12,-4126.08,-3814.85,-3149.27,-3149.27,9.91789e+06,0,-6646.58,-1983.5,-12652.1,-12652.1,1.60075e+08,0,-13367.3,-12413.6,-12652.1,-12493.5,-13269.2,0.76326,4.01746,0.0146916,0.0112135,0.0450499
od1,1314,0.909091,0.818182,0.454545,12,514.743,1,13,512.908,0.81267,0.81267,4.69972e-10,-123737,-123922,-122501,-122501,1.50066e+10,78796.5,-54931.5,-145025,-90931.1,-90931.1,8.26847e+09,61085.2,-38112.4,-108537,-90931.1,-60926,-17500.6,0.990012,0.742287,0.233501,0.231169,0.171594
od1,1314,0.909091,0.818182,0.454545,13,516.828,1,12,502.798,0.842579,0.842579,4.75954e-09,-399820,-374492,-386391,-386391,1.49298e+11,78796.5,-293912,-417218,-309611,-309611,9.58592e+10,61085.2,-259535,-326303,-309611,-310454,-218490,0.966414,0.80129,0.748415,0.723279,0.579556
od1,1314,0.909091,0.818182,0.454545,14,532.802,1,14,519.541,0.954592,0.954592,8.09345e-11,80141.3,55053.9,58132.4,58132.4,3.37937e+09,0,91565.3,46988,162058,162058,2.6263e+10,0,142516,168573,162058,132820,80721.6,0.725374,2.78775,-0.141155,-0.10239,-0.285437
od1,1314,0.909091,0.818182,0.454545,15,782.013,1,15,777.63,0.999693,0.999693,1.62414e-12,-22110.4,-22071.4,-24054.7,-24054.7,5.78629e+08,0,6437.59,-34218.8,-30002.3,-30002.3,9.00137e+08,0,2661.06,-40890.1,-30002.3,-29934.8,2661.02,1.08794,1.24725,0.0180775,0.0196672,0.02453
od1,1315,0.909091,0.818182,0.545455,1,112.633,1,1,98.037,0.795149,0.795149,5.23673e-07,-48293.8,-46009.8,-54354.8,-54354.8,2.95444e+09,0,-52525.3,-54964.6,-51157.9,-51157.9,2.61713e+09,0,-47300.4,-52443.7,-51157.9,-49270.4,-49555.8,1.1255,0.941185,1.90341,2.1423,2.0163
od1,1315,0.909091,0.818182,0.545455,2,118.121,1,3,105.267,0.885532,0.885532,8.27404e-07,69973.7,68374.6,64583.6,64583.6,4.17103e+09,0,65013.8,64440.1,46692.1,46692.1,2.18016e+09,0,52181.2,44862.5,46692.1,44959.3,55040.5,0.922969,0.722973,-2.50755,-2.31439,-1.67324
od1,1315,0.909091,0.818182,0.545455,3,127.663,1,2,104.834,0.7027,0.7027,3.30922e-07,-47190.8,-49034.3,-8625.01,-8625.01,7.43908e+07,0,-841.97,-11219.4,-1202.23,-1202.23,1.44535e+06,0,3158.02,-2655.64,-1202.23,-2033.71,2018.38,0.182769,0.139389,1.44777,0.264607,0.0368832
od1,1315,0.909091,0.818182,0.545455,4,187.361,1,4,167.584,0.714196,0.714196,1.02085e-07,-125486,-121545,-51793.7,-51793.7,2.68259e+09,0,-29698.6,-59158.8,-99742.8,-99742.8,9.94863e+09,0,-53281,-115230,-99742.8,-99848.2,-53378.9,0.412744,1.92577,1.78734,0.737713,1.42066
od1,1315,0.909091,0.818182,0.545455,5,212.864,1,6,192.252,0.534496,0.534496,7.75181e-08,-7449.66,-7197.24,-27608.9,-27608.9,7.62254e+08,0,-13557.5,-32292.7,-15874.8,-15874.8,2.52009e+08,0,-7923.08,-18525.4,-15874.8,-20387.6,-12427.3,3.70607,0.574988,0.0822054,0.304659,0.175175
od1,1315,0.909091,0.818182,0.545455,6,218.16,1,6,192.252,0.449648,0.449648,0,-7449.66,-7197.24,-101443,-101443,1.02907e+10,0,-57586.1,-116062,-73142.2,-73142.2,5.34979e+09,0,-42920.8,-83216.1,-73142.2,-67439,-37347.7,13.6172,0.721017,0.0782631,1.06572,0.768403
od1,1315,0.909091,0.818182,0.545455,7,254.222,1,7,235.052,0.826904,0.826904,7.84014e-10,-16905.9,-17530.2,-30298.9,-30298.9,9.18026e+08,0,-15942.2,-35084.5,-6844.14,-6844.14,4.68422e+07,0,-2569.86,-8268.9,-6844.13,-8123.72,-2826.86,1.79221,0.225887,0.130792,0.234408,0.0529497
od1,1315,0.909091,0.818182,0.545455,8,260.288,1,8,242.105,0.824575,0.824575,1.72602e-10,-7851.09,-8253.38,-49530.8,-49530.8,2.4533e+09,0,-4085.68,-64679.2,-19117.5,-19117.5,3.6548e+08,0,12032.4,-29500.9,-19117.6,-18378.9,11812.5,6.30878,0.385973,0.0579416,0.365541,0.141089
od1,1315,0.909091,0.818182,0.545455,9,333.013,1,9,311.61,0.976625,0.976625,3.47883e-08,-224858,-224631,-211253,-211253,4.46276e+10,0,-136299,-236237,-110571,-110571,1.2226e+10,0,-85374.6,-118970,-110571,-109712,-84679.8,0.939491,0.523407,1.01381,0.952467,0.498528
od1,1315,0.909091,0.818182,0.545455,10,341.536,1,10,333.356,0.985921,0.985921,4.52287e-10,-28057.8,-28613.8,-38389.5,-38389.5,1.47376e+09,0,-35088.5,-39489.9,-41486.8,-41486.8,1.72115e+09,0,-34431,-43838.7,-41486.8,-42363.7,-35044.6,1.36823,1.08068,0.120268,0.164554,0.177831
od1,1315,0.909091,0.818182,0.545455,11,374.73,1,11,368.111,0.997661,0.997661,5.9426e-12,-4126.08,-3814.85,-3149.27,-3149.27,9.91789e+06,0,-6646.58,-1983.5,-12652.1,-12652.1,1.60075e+08,0,-13367.3,-12413.7,-12652.1,-12493.5,-13269.2,0.76326,4.01746,0.0146916,0.0112135,0.04505
od1,1315,0.909091,0.818182,0.545455,12,514.743,1,13,512.908,0.81267,0.81267,4.69972e-10,-123737,-123922,-122501,-122501,1.50066e+10,78796.5,-54931.5,-145025,-90931.1,-90931.1,8.26847e+09,61085.2,-38112.4,-108537,-90931.1,-60926,-17500.6,0.990013,0.742287,0.233501,0.231169,0.171594
od1,1315,0.909091,0.818182,0.545455,13,516.828,1,12,502.798,0.842579,0.842579,4.75954e-09,-399820,-374492,-386391,-386391,1.49298e+11,78796.5,-293912,-417218,-309611,-309611,9.58592e+10,61085.2,-259535,-326303,-309611,-310454,-218490,0.966414,0.80129,0.748415,0.723279,0.579556
od1,1315,0.909091,0.818182,0.545455,14,532.802,1,14,519.541,0.954592,0.954592,8.09345e-11,80141.3,55053.9,58132.4,58132.4,3.37937e+09,0,91565.4,46988.1,162059,162059,2.6263e+10,0,142516,168573,162059,132821,80721.6,0.725374,2.78775,-0.141155,-0.10239,-0.285437
od1,1315,0.909091,0.818182,0.545455,15,782.013,1,15,777.63,0.999693,0.999693,1.62414e-12,-22110.4,-22071.4,-24054.7,-24054.7,5.78629e+08,0,6437.59,-34218.8,-30002.3,-30002.3,9.00137e+08,0,2661.06,-40890.1,-30002.3,-29934.8,2661.02,1.08794,1.24725,0.0180775,0.0196672,0.02453
od1,341,0.181818,0.818182,0,1,81.5433,1,1,41.9721,0.852263,0.852263,1.76527e-08,8523.95,8621.95,9974.89,9974.89,9.94984e+07,0.00308331,13225.4,8891.39,-1780.15,-1780.15,3.16895e+06,0.00169092,7465.27,-4861.96,-1780.15,-1897.75,7329.48,1.17022,-0.178463,-0.640965,-0.75007,0.13386
od1,341,0.181818,0.818182,0,2,84.3409,1,2,73.2666,0.964689,0.964689,1.46257e-06,-55384.6,-54749.5,-29191,-29191,8.52112e+08,0.00308331,-21843,-31640.3,-20671,-20671,4.27292e+08,0.00169092,-16067.9,-22205.4,-20671,-20524.9,-15967.2,0.527059,0.708132,3.89298,2.05183,1.45297
od1,341,0.181818,0.818182,0,3,129.815,1,3,118.597,0.994853,0.994853,8.05313e-07,78625.2,78737.8,78675.6,78675.6,6.18985e+09,0,69048.4,81884.6,64410.6,64410.6,4.14873e+09,0,58698.5,66314.7,64410.6,64616.3,58845.3,1.00064,0.818687,-2.33282,-2.33432,-1.91108
od1,341,0.181818,0.818182,0,4,169.314,1,6,158.889,0.63604,0.63604,3.30805e-09,-18995,-18932.6,-20894.3,-20894.3,4.36572e+08,0,-18354.2,-21741,-19594.7,-19594.7,3.83951e+08,0,-17176.7,-20400.7,-19594.7,-19669.8,-17101,1.09999,0.9378,0.3313,0.364427,0.34176
od1,341,0.181818,0.818182,0,5,182.164,1,5,146.741,0.939261,0.939261,9.40958e-08,-86662.8,-86391.7,-90154.3,-90154.3,8.1278e+09,0,-85623.2,-91664.7,-51874.8,-51874.8,2.69099e+09,0,-56379.7,-50373.1,-51874.8,-51680.1,-54994.5,1.04029,0.5754,1.3058,1.35841,0.781629
od1,341,0.181818,0.818182,0,6,211.156,1,4,137.545,0.524374,0.524374,4.34377e-09,-17204,-17418,-18326.7,-18326.7,3.35866e+08,1.63383e-06,-18713.6,-18197.7,-45703.9,-45703.9,2.08885e+09,0.00511307,-31534.7,-50427,-45703.9,-45480.7,-31463.5,1.06525,2.49385,0.192927,0.205517,0.512528
od1,341,0.181818,0.818182,0,7,212.03,1,7,201.324,0.993642,0.993642,1.29777e-08,42456.8,42329.3,31278.7,31278.7,9.78354e+08,1.63383e-06,70805.1,18103.2,44937.3,44937.3,2.01936e+09,0.00511307,69894.8,36618.1,44937.3,44360,69385.4,0.736717,1.43668,-0.472196,-0.347875,-0.499784
od1,341,0.181818,0.818182,0,8,241.023,1,8,218.593,0.992503,0.992503,1.41226e-09,23645,21677.1,49088.3,49088.3,2.40966e+09,0,31282.6,55023.5,-17594.1,-17594.1,3.09554e+08,0,12960.5,-27779,-17594.1,-19898.8,7279.66,2.07605,-0.358419,-0.203514,-0.422505,0.151434
od1,341,0.181818,0.818182,0,9,279.014,1,10,260.342,1,1,1.76955e-09,27777.8,27777.9,27777.8,27777.8,7.71605e+08,0,25820.9,28430.1,14847.2,14847.2,2.20439e+08,0,20720.5,12889.4,14847.2,14847.2,20720.5,1,0.534498,-0.178409,-0.178409,-0.0953591
od1,341,0.181818,0.818182,0,10,291.965,1,9,259.794,0.972447,0.972447,2.85311e-07,-389891,-389050,-439441,-439441,1.93108e+11,0,-253250,-501504,-453081,-453081,2.05283e+11,0,-256519,-518602,-453081,-451188,-252570,1.12709,1.03104,2.28693,2.57757,2.65758
od1,341,0.181818,0.818182,0,11,306.771,1,11,291.741,0.996868,0.996868,5.97853e-09,-79406.3,-79656.7,-70420.5,-70420.5,4.95905e+09,0,-60435.7,-73748.7,-117174,-117174,1.37298e+10,0,-95972.6,-124241,-117174,-117195,-96041.6,0.886838,1.66392,0.421887,0.374145,0.622549
od1,341,0.181818,0.818182,0,12,471.866,1,12,467.167,0.999143,0.999143,1.02062e-08,-240394,-240076,-237985,-237985,5.66369e+10,0,-168878,-261021,-362978,-362978,1.31753e+11,0,-242293,-403207,-362978,-362548,-241868,0.989978,1.52521,0.53983,0.53442,0.815105
od1,341,0.181818,0.818182,0,13,532.074,1,13,520.532,0.995751,0.995751,1.53838e-12,7119.63,7173.23,8690.63,8690.63,7.55271e+07,0,2741.17,10673.8,-31782.3,-31782.3,1.01011e+09,0,-18150.2,-36326.3,-31782.3,-31812.8,-18161.2,1.22066,-3.65707,-0.0125743,-0.0153489,0.0561322
od1,341,0.181818,0.818182,0,14,546.567,1,14,535.203,0.995431,0.995431,1.32823e-10,67174.7,67396.3,68579.5,68579.5,4.70314e+09,0,220770,17849.3,-46106.8,-46106.8,2.12583e+09,0,165962,-116797,-46106.8,-46036.4,166208,1.02091,-0.672312,-0.112432,-0.114783,0.0771699
od1,341,0.181818,0.818182,0,15,790.243,1,15,773.952,0.999289,0.999289,1.84699e-09,-738520,-738571,-738787,-738787,5.45807e+11,0,-526941,-809403,-884175,-884175,7.81765e+11,0,-602054,-978215,-884175,-884214,-602046,1.00036,1.19679,0.591303,0.591517,0.707924
od1,1111,0.818182,0.181818,0,1,81.5433,1,1,41.9721,0.852263,0.852263,1.76527e-08,8523.95,8621.95,9974.89,9974.89,9.94984e+07,0.0030833,13225.4,8891.39,-1780.15,-1780.15,3.16895e+06,0.00169092,7465.27,-4861.96,-1780.15,-1897.75,7329.48,1.17022,-0.178463,-0.640965,-0.75007,0.13386
od1,1111,0.818182,0.181818,0,2,84.3409,1,2,73.2666,0.964689,0.964689,1.46257e-06,-55384.6,-54749.5,-29191,-29191,8.52112e+08,0.0030833,-21843,-31640.3,-20671,-20671,4.27292e+08,0.00169092,-16067.9,-22205.4,-20671,-20524.9,-15967.2,0.527059,0.708132,3.89298,2.05183,1.45297
od1,1111,0.818182,0.181818,0,3,129.815,1,3,118.597,0.994853,0.994853,8.05313e-07,78625.2,78737.8,78675.6,78675.6,6.18985e+09,0,69048.4,81884.6,64410.6,64410.6,4.14873e+09,0,58698.5,66314.7,64410.6,64616.3,58845.3,1.00064,0.818687,-2.33282,-2.33432,-1.91108
od1,1111,0.818182,0.181818,0,4,169.314,1,6,158.889,0.63604,0.63604,3.30805e-09,-18995,-18932.6,-20894.3,-20894.3,4.36572e+08,0,-18354.2,-21741,-19594.7,-19594.7,3.83951e+08,0,-17176.7,-20400.7,-19594.7,-19669.8,-17101,1.09999,0.9378,0.3313,0.364427,0.34176
od1,1111,0.818182,0.181818,0,5,182.164,1,5,146.741,0.939261,0.939261,9.40958e-08,-86662.8,-86391.7,-90154.3,-90154.3,8.1278e+09,0,-85623.2,-91664.7,-51874.8,-51874.8,2.69099e+09,0,-56379.7,-50373.1,-51874.8,-51680.1,-54994.5,1.04029,0.5754,1.3058,1.35841,0.781629
od1,1111,0.818182,0.181818,0,6,211.156,1,4,137.545,0.524374,0.524374,4.34377e-09,-17204,-17418,-18326.7,-18326.7,3.35866e+08,1.63409e-06,-18713.6,-18197.7,-45703.9,-45703.9,2.08885e+09,0.00511307,-31534.7,-50427,-45703.9,-45480.7,-31463.5,1.06525,2.49385,0.192927,0.205517,0.512528
od1,1111,0.818182,0.181818,0,7,212.03,1,7,201.324,0.993642,0.993642,1.29777e-08,42456.8,42329.3,31278.7,31278.7,9.78354e+08,1.63409e-06,70805.1,18103.2,44937.3,44937.3,2.01936e+09,0.00511307,69894.8,36618.1,44937.3,44360,69385.4,0.736717,1.43668,-0.472196,-0.347875,-0.499784
od1,1111,0.818182,0.181818,0,8,241.023,1,8,218.593,0.992503,0.992503,1.41226e-09,23645,21677.1,49088.3,49088.3,2.40966e+09,0,31282.6,55023.5,-17594.1,-17594.1,3.09554e+08,0,12960.5,-27779,-17594.1,-19898.8,7279.66,2.07605,-0.358419,-0.203514,-0.422505,0.151434
od1,1111,0.818182,0.181818,0,9,279.014,1,10,260.342,1,1,1.76955e-09,27777.8,27777.9,27777.8,27777.8,7.71605e+08,0,25820.9,28430.1,14847.2,14847.2,2.20439e+08,0,20720.5,12889.4,14847.2,14847.2,20720.5,1,0.534498,-0.178409,-0.178409,-0.0953591
od1,1111,0.818182,0.181818,0,10,291.965,1,9,259.794,0.972447,0.972447,2.85311e-07,-389891,-389050,-439441,-439441,1.93108e+11,0,-253250,-501504,-453081,-453081,2.05283e+11,0,-256519,-518602,-453081,-451188,-252570,1.12709,1.03104,2.28693,2.57757,2.65758
od1,1111,0.818182,0.181818,0,11,306.771,1,11,291.741,0.996868,0.996868,5.97853e-09,-79406.3,-79656.7,-70420.5,-70420.5,4.95905e+09,0,-60435.7,-73748.7,-117174,-117174,1.37298e+10,0,-95972.6,-124241,-117174,-117195,-96041.6,0.886838,1.66392,0.421887,0.374145,0.622549
od1,1111,0.818182,0.181818,0,12,471.866,1,12,467.167,0.999143,0.999143,1.02062e-08,-240394,-240076,-237985,-237985,5.66369e+10,0,-168878,-261021,-362978,-362978,1.31753e+11,0,-242293,-403207,-362978,-362548,-241868,0.989978,1.52521,0.53983,0.53442,0.815105
od1,1111,0.818182,0.181818,0,13,532.074,1,13,520.532,0.995751,0.995751,1.53838e-12,7119.63,7173.23,8690.63,8690.63,7.55271e+07,0,2741.17,10673.8,-31782.3,-31782.3,1.01011e+09,0,-18150.2,-36326.3,-31782.3,-31812.8,-18161.2,1.22066,-3.65707,-0.0125743,-0.0153489,0.0561322
od1,1111,0.818182,0.181818,0,14,546.567,1,14,535.203,0.995431,0.995431,1.32823e-10,67174.7,67396.3,68579.5,68579.5,4.70314e+09,0,220770,17849.3,-46106.8,-46106.8,2.12583e+09,0,165962,-116797,-46106.8,-46036.4,166208,1.02091,-0.672312,-0.112432,-0.114783,0.0771699
od1,1111,0.818182,0.181818,0,15,790.243,1,15,773.952,0.999289,0.999289,1.84699e-09,-738520,-738571,-738787,-738787,5.45807e+11,0,-526941,-809403,-884175,-884175,7.81765e+11,0,-602054,-978215,-884175,-884214,-602046,1.00036,1.19679,0.591303,0.591517,0.707924
od1,1188,0.818182,0.818182,0,1,81.5433,1,1,41.9721,0.852263,0.852263,2.04222e-08,-9178.64,-9273.64,-10196.7,-10196.7,1.03972e+08,9.47697e-10,-13162.3,-9208.14,2162.28,2162.28,4.67547e+06,0.00279435,-6808.81,5152.65,2162.28,2287.3,-6678.68,1.11091,-0.212058,0.690195,0.766747,-0.162595
od1,1188,0.818182,0.818182,0,2,84.3409,1,2,73.2666,0.964689,0.964689,1.5066e-06,56291.8,55567.4,30673.9,30673.9,9.40889e+08,9.47697e-10,22794.1,33300.5,22006.6,22006.6,4.84293e+08,0.00279435,16927,23699.9,22006.7,21825.3,16794.4,0.544909,0.717439,-3.95675,-2.15607,-1.54685
od1,1188,0.818182,0.818182,0,3,129.815,1,3,118.597,0.994853,0.994853,8.13404e-07,-79004,-79132.4,-79046.9,-79046.9,6.24841e+09,0,-69990.6,-82065.6,-65014.2,-65014.2,4.22684e+09,0,-59614.7,-66814,-65014.2,-65206.2,-59784.7,1.00054,0.822476,2.34406,2.34534,1.92898
od1,1188,0.818182,0.818182,0,4,169.314,1,6,158.889,0.63604,0.63604,3.88545e-09,20534.2,20518.4,20648.2,20648.2,4.26348e+08,0,18414.5,21392.7,21220.1,21220.1,4.50294e+08,0,19171.8,21902.9,21220.1,21189.5,19052.1,1.00555,1.0277,-0.358147,-0.360135,-0.37011
od1,1188,0.818182,0.818182,0,5,182.164,1,5,146.741,0.939261,0.939261,1.03593e-07,90817.7,90646.5,92790.2,92790.2,8.61002e+09,0,85997.4,95054.5,55231.4,55231.4,3.0505e+09,0,58390.1,54178.4,55231.4,55136.4,57190,1.02172,0.595228,-1.36841,-1.39813,-0.832205
od1,1188,0.818182,0.818182,0,6,211.156,1,4,137.545,0.524374,0.524374,4.23786e-09,17039.7,17204.3,19527.1,19527.1,3.81308e+08,0.0316865,18270.8,19945.9,50324.9,50324.9,2.5326e+09,0.0489948,34209.3,55696.8,50324.9,50199,34190.7,1.14597,2.57718,-0.191085,-0.218979,-0.564348
od1,1188,0.818182,0.818182,0,7,212.03,1,7,201.324,0.993642,0.993642,1.31053e-08,-43016.8,-42536.8,-32174.8,-32174.8,1.03522e+09,0.0316865,-73752.7,-18315.5,-47041.8,-47041.8,2.21293e+09,0.0489948,-73676.8,-38163.4,-47041.8,-46482,-73166.4,0.747959,1.46207,0.478425,0.357842,0.52319
od1,1188,0.818182,0.818182,0,8,241.023,1,8,218.593,0.992503,0.992503,1.47787e-09,-23707,-22175,-48988.8,-48988.8,2.3999e+09,0,-32930.8,-54341.5,17930.9,17930.9,3.21517e+08,0,-13031.8,28251.8,17930.9,19870.9,-7839.43,2.06642,-0.36602,0.204048,0.421649,-0.154332
od1,1188,0.818182,0.818182,0,9,279.014,1,10,260.342,1,1,1.50577e-09,-25623.9,-25624,-25623.9,-25623.9,6.56587e+08,0,-26495.2,-25333.5,-7409.68,-7409.68,5.49033e+07,0,-15469,-4723.22,-7409.68,-7409.68,-15469,1,0.28917,0.164575,0.164575,0.0475902
od1,1188,0.818182,0.818182,0,10,291.965,1,9,259.794,0.972447,0.972447,2.79735e-07,385598,385229,436244,436244,1.90309e+11,0,252040,497645,448306,448306,2.00978e+11,0,253731,513165,448306,446766,250168,1.13134,1.02765,-2.26175,-2.55882,-2.62957
od1,1188,0.818182,0.818182,0,11,306.771,1,11,291.741,0.996868,0.996868,5.99174e-09,79886.6,79744.6,71285.2,71285.2,5.08158e+09,0,54662.4,76826.1,117547,117547,1.38172e+10,0,91082.1,126368,117547,117494,91004,0.89233,1.64896,-0.424439,-0.378739,-0.624527
od1,1188,0.818182,0.818182,0,12,471.866,1,12,467.167,0.999143,0.999143,1.05905e-08,244816,244554,242506,242506,5.88094e+10,0,165495,268177,366329,366329,1.34197e+11,0,238307,409002,366329,365974,238007,0.990567,1.51059,-0.549759,-0.544573,-0.822628
od1,1188,0.818182,0.818182,0,13,532.074,1,13,520.532,0.995751,0.995751,6.7894e-13,-4711.85,-4765.4,-6295.14,-6295.14,3.96287e+07,0,-3899.84,-7093.57,36878.4,36878.4,1.36002e+09,0,16882.9,43543.6,36878.4,36909.9,16891.1,1.33602,-5.85824,0.00832182,0.0111181,-0.0651326
od1,1188,0.818182,0.818182,0,14,546.567,1,14,535.203,0.995431,0.995431,1.4955e-10,-71246.1,-71514.3,-72964.9,-72964.9,5.32388e+09,0,-222986,-22958.1,37149.7,37149.7,1.3801e+09,0,-174280,107626,37149.7,37026.6,-174577,1.02413,-0.509145,0.119246,0.122123,-0.0621783
od1,1188,0.818182,0.818182,0,15,790.243,1,15,773.952,0.999289,0.999289,1.87333e-09,743768,743818,743880,743880,5.53357e+11,0,529308,815403,882537,882537,7.78871e+11,0,595780,978122,882537,882576,595817,1.00015,1.1864,-0.595505,-0.595595,-0.706612
od1,264,0.181818,0.181818,0,1,81.5433,1,1,41.9721,0.852263,0.852263,2.04222e-08,-9178.64,-9273.64,-10196.7,-10196.7,1.03972e+08,3.40368e-10,-13162.3,-9208.14,2162.28,2162.28,4.67547e+06,0.00279435,-6808.81,5152.65,2162.28,2287.3,-6678.68,1.11091,-0.212058,0.690195,0.766747,-0.162595
od1,264,0.181818,0.181818,0,2,84.3409,1,2,73.2666,0.964689,0.964689,1.5066e-06,56291.8,55567.4,30673.9,30673.9,9.40889e+08,3.40368e-10,22794.1,33300.5,22006.6,22006.6,4.84293e+08,0.00279435,16927,23699.9,22006.7,21825.3,16794.4,0.544909,0.717439,-3.95675,-2.15607,-1.54685
od1,264,0.181818,0.181818,0,3,129.815,1,3,118.597,0.994853,0.994853,8.13404e-07,-79004,-79132.4,-79046.9,-79046.9,6.24841e+09,0,-69990.6,-82065.6,-65014.2,-65014.2,4.22684e+09,0,-59614.7,-66814,-65014.2,-65206.2,-59784.7,1.00054,0.822476,2.34406,2.34534,1.92898
od1,264,0.181818,0.181818,0,4,169.314,1,6,158.889,0.63604,0.63604,3.88545e-09,20534.2,20518.4,20648.2,20648.2,4.26348e+08,0,18414.5,21392.7,21220.1,21220.1,4.50294e+08,0,19171.8,21902.9,21220.1,21189.5,19052.1,1.00555,1.0277,-0.358147,-0.360135,-0.37011
od1,264,0.181818,0.181818,0,5,182.164,1,5,146.741,0.939261,0.939261,1.03593e-07,90817.7,90646.5,92790.2,92790.2,8.61002e+09,0,85997.4,95054.5,55231.4,55231.4,3.0505e+09,0,58390.1,54178.4,55231.4,55136.4,57190,1.02172,0.595228,-1.36841,-1.39813,-0.832205
od1,264,0.181818,0.181818,0,6,211.156,1,4,137.545,0.524374,0.524374,4.23786e-09,17039.7,17204.3,19527.1,19527.1,3.81308e+08,0.0316865,18270.8,19945.9,50324.9,50324.9,2.5326e+09,0.0489948,34209.3,55696.8,50324.9,50199,34190.7,1.14597,2.57718,-0.191085,-0.218979,-0.564348
od1,264,0.181818,0.181818,0,7,212.03,1,7,201.324,0.993642,0.993642,1.31053e-08,-43016.8,-42536.8,-32174.8,-32174.8,1.03522e+09,0.0316865,-73752.7,-18315.5,-47041.8,-47041.8,2.21293e+09,0.0489948,-73676.8,-38163.4,-47041.8,-46482,-73166.4,0.747959,1.46207,0.478425,0.357842,0.52319
od1,264,0.181818,0.181818,0,8,241.023,1,8,218.593,0.992503,0.992503,1.47787e-09,-23707,-22175,-48988.8,-48988.8,2.3999e+09,0,-32930.8,-54341.5,17930.9,17930.9,3.21517e+08,0,-13031.8,28251.8,17930.9,19870.9,-7839.43,2.06642,-0.36602,0.204048,0.421649,-0.154332
od1,264,0.181818,0.181818,0,9,279.014,1,10,260.342,1,1,1.50577e-09,-25623.9,-25624,-25623.9,-25623.9,6.56587e+08,0,-26495.2,-25333.5,-7409.68,-7409.68,5.49033e+07,0,-15469,-4723.22,-7409.68,-7409.68,-15469,1,0.28917,0.164575,0.164575,0.0475902
od1,264,0.181818,0.181818,0,10,291.965,1,9,259.794,0.972447,0.972447,2.79735e-07,385598,385229,436244,436244,1.90309e+11,0,252040,497645,448306,448306,2.00978e+11,0,253731,513165,448306,446766,250168,1.13134,1.02765,-2.26175,-2.55882,-2.62957
od1,264,0.181818,0.181818,0,11,306.771,1,11,291.741,0.996868,0.996868,5.99174e-09,79886.6,79744.6,71285.2,71285.2,5.08158e+09,0,54662.4,76826.1,117547,117547,1.38172e+10,0,91082.1,126368,117547,117494,91004,0.89233,1.64896,-0.424439,-0.378739,-0.624527
od1,264,0.181818,0.181818,0,12,471.866,1,12,467.167,0.999143,0.999143,1.05905e-08,244816,244554,242506,242506,5.88094e+10,0,165495,268177,366329,366329,1.34197e+11,0,238307,409002,366329,365974,238007,0.990567,1.51059,-0.549759,-0.544573,-0.822628
od1,264,0.181818,0.181818,0,13,532.074,1,13,520.532,0.995751,0.995751,6.7894e-13,-4711.85,-4765.4,-6295.14,-6295.14,3.96287e+07,0,-3899.84,-7093.57,36878.4,36878.4,1.36002e+09,0,16882.9,43543.6,36878.4,36909.9,16891.1,1.33602,-5.85824,0.00832182,0.0111181,-0.0651326
od1,264,0.181818,0.181818,0,14,546.567,1,14,535.203,0.995431,0.995431,1.4955e-10,-71246.1,-71514.3,-72964.9,-72964.9,5.32388e+09,0,-222986,-22958.1,37149.7,37149.7,1.3801e+09,0,-174280,107626,37149.7,37026.6,-174577,1.02413,-0.509145,0.119246,0.122123,-0.0621783
od1,264,0.181818,0.181818,0,15,790.243,1,15,773.952,0.999289,0.999289,1.87333e-09,743768,743818,743880,743880,5.53357e+11,0,529308,815403,882537,882537,7.78871e+11,0,595780,978122,882537,882576,595817,1.00015,1.1864,-0.595505,-0.595595,-0.706612
od1,342,0.181818,0.818182,0.090909,1,87.5047,2,1,69.6584,0.935813,0.935813,2.56451e-07,25303.4,24837.2,12047.3,-27553.1,9.04308e+08,0,-22472.5,-29246.6,-1807.28,-17829.6,3.21161e+08,0,-16014.5,-18434.6,-17829.6,-17762.7,-15952,-1.08891,0.6471,-1.65228,1.79919,1.16426
od1,342,0.181818,0.818182,0.090909,2,87.6873,2,2,76.5853,0.967829,0.967829,1.00725e-06,-49652.4,-49223.3,-27553.1,12047.3,9.04308e+08,0,11697.5,12163.9,-17829.6,-1807.28,3.21161e+08,0,4545.5,-3924.87,-1807.28,-1959.7,4454.24,-0.242632,-0.150015,3.22877,-0.783404,0.117523
od1,342,0.181818,0.818182,0.090909,3,129.384,1,3,116.275,0.992479,0.992479,4.20734e-07,56669.3,56314.8,61610.3,61610.3,3.79583e+09,0,56140.8,63433.4,50229.3,50229.3,2.52298e+09,0,47744,51057.7,50229.3,50009.6,47510.7,1.08719,0.815275,-1.69261,-1.84018,-1.50026
od1,342,0.181818,0.818182,0.090909,4,180.53,1,5,147.639,0.508039,0.508039,6.32391e-08,55162.6,56458.9,5039.62,5039.62,2.53978e+07,0.00811099,11184,2991.5,2556.03,2556.03,6.53327e+06,0.0077139,7815.7,802.802,2556.02,2505.18,7733.55,0.0913594,0.507186,-0.846285,-0.0773161,-0.0392137
od1,342,0.181818,0.818182,0.090909,5,182.184,1,4,147.557,0.942514,0.942514,7.54174e-08,-78145.2,-77810.1,-86591.2,-86591.2,7.49804e+09,0.00811099,-83912.6,-87484.1,-49588.6,-49588.6,2.45902e+09,0.0077139,-55618,-47578.7,-49588.6,-49484,-54194.4,1.10808,0.572674,1.17721,1.30444,0.74702
od1,342,0.181818,0.818182,0.090909,6,205.632,1,6,175.358,0.409167,0.409167,0,39145.4,38474.3,82283.1,82283.1,6.77051e+09,0,71960.3,85724.1,66191,66191,4.38125e+09,0,57782.4,68993.9,66191,66346.3,57610.4,2.10199,0.80443,-0.462881,-0.97297,-0.782686
od1,342,0.181818,0.818182,0.090909,7,233.63,1,7,209.594,0.997446,0.997446,1.31536e-08,62373,61864.1,73835.8,73835.8,5.45172e+09,0,54680.1,80221,29612.6,29612.6,8.76905e+08,0,45918.1,24177.4,29612.6,28722.2,42855.1,1.18378,0.40106,-0.57136,-0.676364,-0.271263
od1,342,0.181818,0.818182,0.090909,8,239.727,1,8,217.726,0.72285,0.72285,2.69155e-10,8858.27,8697.84,2617.66,2617.66,6.85216e+06,0,9954.71,171.981,18621.4,18621.4,3.46755e+08,0,18064.4,18807,18621.4,18487.4,18261.5,0.295505,7.11374,-0.0770697,-0.0227745,-0.162012
od1,342,0.181818,0.818182,0.090909,9,274.936,1,9,248.806,0.932083,0.932083,1.20731e-07,-242266,-240658,-167945,-167945,2.82056e+10,0,-113549,-186077,-223145,-223145,4.97936e+10,0,-141111,-250489,-223145,-220907,-138619,0.693226,1.32868,1.60251,1.1109,1.47602
od1,342,0.181818,0.818182,0.090909,10,307.375,1,10,285.033,0.948629,0.948629,6.26374e-09,-69107.3,-71157.4,-171358,-171358,2.93636e+10,0,-89804.7,-198542,-165564,-165564,2.74114e+10,0,-80772.1,-193828,-165564,-167204,-81920.5,2.47959,0.966187,0.365728,0.906856,0.876193
od1,342,0.181818,0.818182,0.090909,11,313.453,1,11,297.661,0.99354,0.99354,1.00815e-09,-34762,-34806.5,-20907.3,-20907.3,4.37113e+08,0,-28583.2,-18348.6,-89604.3,-89604.3,8.02894e+09,0,-73394.9,-95007.5,-89604.3,-89651.1,-73491.4,0.60144,4.2858,0.176901,0.106395,0.455988
od1,342,0.181818,0.818182,0.090909,12,470.887,1,12,466.133,0.999131,0.999131,4.36808e-09,-156493,-156349,-156107,-156107,2.43694e+10,0,-116424,-169335,-266753,-266753,7.11569e+10,0,-181223,-295262,-266753,-266470,-180697,0.997533,1.70878,0.352884,0.352013,0.601514
od1,342,0.181818,0.818182,0.090909,13,535.717,1,13,524.04,0.995525,0.995525,5.30452e-11,-43142.3,-42932.7,-35764,-35764,1.27906e+09,0,-43353,-33234.3,-100032,-100032,1.00064e+10,0,-76880,-107749,-100032,-99928.2,-77017.8,0.828978,2.797,0.0751627,0.0623082,0.174276
od1,342,0.181818,0.818182,0.090909,14,544.959,1,14,533.429,0.995314,0.995314,5.19039e-10,134459,134647,137272,137272,1.88436e+10,0,255365,97907.7,22011.2,22011.2,4.84492e+08,0,200469,-37474.6,22011.2,22132.1,200702,1.02092,0.160347,-0.226377,-0.231113,-0.0370584
od1,342,0.181818,0.818182,0.090909,15,792.409,1,15,776.678,0.999249,0.999249,1.01547e-09,-551616,-551568,-551694,-551694,3.04367e+11,0,-414910,-597289,-675127,-675127,4.55797e+11,0,-479419,-740364,-675127,-675066,-479329,1.00014,1.22373,0.439246,0.439309,0.537597
od1,665,0.454545,0.454545,0.454545,1,74.962,1,1,-76.1209,1,1,7.19264e-07,56259.4,47733.9,56259.4,56259.4,3.16512e+09,41703.7,44624.3,60137.8,35236.7,35236.7,1.24162e+09,20907.7,24922.4,38674.8,35236.7,30747.3,17697.7,1,0.626325,-5.00591,-5.00591,-3.13533
od1,665,0.454545,0.454545,0.454545,2,78.1152,2,2,-72.6212,0.547542,0.999934,1.98948e-06,-79587.6,-79387.6,12181.3,-80048.9,6.55674e+09,41703.7,-72876.3,-82439.7,-418.866,-39105.2,1.52939e+09,20907.7,-35323.8,-40365.7,-39105.2,-38858.7,-34674,1.0058,0.488517,6.52144,6.55924,3.2043
od1,665,0.454545,0.454545,0.454545,3,78.1152,2,3,-72.6212,0.547542,0.999934,1.43476e-07,12818.6,21319.3,-80027.1,12203.1,6.55674e+09,641.066,12220.3,12197.3,-39096.1,-409.725,1.52939e+09,321.406,2555.59,-1398.16,-409.722,4121.73,9345.97,0.951984,-0.0335755,-1.05036,-0.999925,0.033573
od1,665,0.454545,0.454545,0.454545,4,138.743,1,4,126.334,0.999341,0.999341,1.3811e-07,-47553.2,-43279.4,-46323.9,-46323.9,2.1459e+09,25651.4,-45898.6,-46465.6,-38510.8,-38510.8,1.48309e+09,22916.8,-38519.6,-38507.9,-38510.8,-35692.1,-60998.2,0.974148,0.831339,1.23517,1.20324,1.0003
od1,665,0.454545,0.454545,0.454545,5,139.976,2,6,127.508,0.941639,0.999213,3.61702e-07,72439.5,72500.3,10219.3,-24638.2,5.62359e+09,25651.4,-23765.5,-24929.1,8531.43,-19745.1,3.71883e+09,22916.8,-19434.2,-19848.8,-19745.1,-22736.9,2590.14,-0.340121,0.801404,-1.84859,0.628744,0.503878
od1,665,0.454545,0.454545,0.454545,6,139.976,2,5,127.508,0.941639,0.999213,6.21682e-08,-25676.2,-30057.2,35970.1,70827.6,5.62359e+09,19453.3,71677.4,70544.3,29420.5,57697.1,3.71883e+09,17379.4,60181.9,56868.8,57697.1,57810.4,60596.5,-2.75849,0.814613,0.655234,-1.80745,-1.47238
od1,665,0.454545,0.454545,0.454545,7,417.57,1,7,414.23,0.995079,0.995079,8.66354e-12,6103.1,6136.2,7400.88,7400.88,5.4773e+07,16663.9,9396.26,6735.75,-29821.3,-29821.3,8.89311e+08,12530,-7990.98,-37098.1,-29821.3,-28571.5,-7697.24,1.21264,-4.02943,-0.017501,-0.0212225,0.0855144
od1,665,0.454545,0.454545,0.454545,8,421.27,2,8,417.971,0.88039,0.988795,4.55854e-10,-41731.2,-41607.8,-7514.99,-34880,1.43954e+09,16663.9,-39991.4,-33176.2,-27141.4,-35277,1.66341e+09,12530,-42088,-33006.7,-35277,-35316.9,-41701.7,0.835825,1.01138,0.117573,0.0982708,0.0993893
od1,665,0.454545,0.454545,0.454545,9,421.27,2,9,417.971,0.88039,0.988795,2.13604e-10,28023.3,28481.7,-12434.2,14930.8,1.43954e+09,15091.9,24160.2,11854.3,-28603.8,-20468.1,1.66341e+09,11348.1,7360.02,-29744.2,-20468.1,-20601.5,7572.28,0.532799,-1.37087,-0.0789526,-0.0420659,0.0576668
od1,665,0.454545,0.454545,0.454545,10,432.799,2,11,430.06,0.672151,0.987057,7.30757e-11,17445.5,16708.6,33226.5,-43183.6,3.28404e+09,0,-44617.9,-42705.5,78702.6,-49869.7,9.91462e+09,0,-51903.2,-49191.9,-49869.7,-49931.1,-52188.3,-2.47535,1.15483,-0.0465672,0.11527,0.133117
od1,665,0.454545,0.454545,0.454545,11,432.799,2,10,430.06,0.672151,0.987057,4.4889e-10,-41281,-41411.7,-38737.5,37672.6,3.28404e+09,0,12971,45906.4,-42388.5,86183.7,9.91462e+09,0,37819.4,102305,86183.8,85047.4,37121.7,-0.912589,2.28771,0.110191,-0.100559,-0.23005
od1,665,0.454545,0.454545,0.454545,12,441.035,1,12,439.398,0.99519,0.99519,2.51072e-09,103981,104155,101463,101463,1.02947e+10,0,71717.6,111378,150451,150451,2.26354e+10,0,98058.4,167915,150451,150345,97922.1,0.975782,1.48281,-0.267287,-0.260814,-0.386739
od1,665,0.454545,0.454545,0.454545,13,506.646,2,14,482.254,0.992975,0.994947,5.42844e-11,33276.3,33226.3,5079.77,3675.56,6.67077e+08,0,-8393.31,7698.51,17287.6,15947.5,1.61134e+09,0,-3348.23,22379.4,15947.5,15893.5,-3429.66,0.110456,4.3388,-0.064818,-0.00715952,-0.0310638
od1,665,0.454545,0.454545,0.454545,14,506.646,2,13,482.254,0.992975,0.994947,1.99355e-12,6396.8,6367.33,24160.7,25565,6.67077e+08,0,15900.4,28786.5,35497.6,36837.7,1.61134e+09,0,20868.5,42160.8,36837.7,36857.6,20969.4,3.99652,1.44095,-0.0124602,-0.0497973,-0.0717553
od1,665,0.454545,0.454545,0.454545,15,830.317,1,15,835.04,0.999965,0.999965,3.47987e-13,12243.8,12271.5,12234.9,12234.9,1.49693e+08,0,7922.75,13672.3,16277.4,16277.4,2.64954e+08,0,6184.66,19641.7,16277.4,16309.4,6216.24,0.999274,1.33041,-0.00887971,-0.00887326,-0.0118051
